true_label,p_distil,p_tiny,p_stacking,pred_distil,pred_tiny,pred_stacking
1,0.99938035,0.93349123,0.9752704636926326,1,1,1
0,0.0006667776,0.07785748,0.030975096789998224,0,0,0
1,0.99937975,0.8804254,0.972055524398916,1,1,1
0,0.00066660537,0.07012289,0.03043061804487533,0,0,0
1,0.9994392,0.93241423,0.9752162023207197,1,1,1
0,0.0006140736,0.061594058,0.02983324768576364,0,0,0
1,0.99945587,0.9266329,0.9748856108775247,1,1,1
1,0.9993911,0.8941179,0.972923490827205,1,1,1
0,0.0006016358,0.63105565,0.10574848882684747,0,1,0
1,0.06332046,0.9314108,0.24888332137267283,0,1,0
1,0.99932075,0.9317611,0.9751642086814983,1,1,1
0,0.0006106764,0.062080976,0.029866098714216423,0,0,0
0,0.0006057249,0.061188333,0.029804252419688624,0,0,0
1,0.99941325,0.92482597,0.9747754105571951,1,1,1
1,0.99888855,0.9344294,0.975263485795229,1,1,1
1,0.9993678,0.9348387,0.9753456758419768,1,1,1
1,0.99937254,0.9346106,0.9753332832114542,1,1,1
0,0.0006111265,0.06303431,0.02993157089515532,0,0,0
1,0.99938405,0.9339069,0.9752946205849521,1,1,1
1,0.9994369,0.9286019,0.9749970349118667,1,1,1
1,0.9994036,0.5115442,0.9356422896204275,1,1,1
1,0.9988199,0.93288434,0.9751666854391374,1,1,1
1,0.99897766,0.93348104,0.9752202964251219,1,1,1
1,0.99890125,0.93457097,0.975273124122254,1,1,1
0,0.0007141222,0.06699672,0.030220303528544303,0,0,0
0,0.00087493774,0.07123048,0.030539455306896522,0,0,0
1,0.9994487,0.9313382,0.9751557891622493,1,1,1
1,0.9988238,0.93388385,0.975224359066775,1,1,1
0,0.0006291953,0.9014614,0.18314630470978746,0,1,0
1,0.999373,0.93471414,0.9753392327489037,1,1,1
1,0.9993655,0.93475777,0.9753407936334659,1,1,1
1,0.9993799,0.9329298,0.9752383571630356,1,1,1
1,0.00958524,0.54368454,0.0914741246807249,0,1,0
1,0.99931955,0.929972,0.9750613632232873,1,1,1
1,0.9994642,0.9318931,0.9751894818625093,1,1,1
0,0.00062642497,0.06701285,0.030208314486319058,0,0,0
0,0.00059417496,0.061340254,0.02981294110330512,0,0,0
1,0.99942774,0.82531124,0.9682953274219555,1,1,1
1,0.9988483,0.93398994,0.9752334400105631,1,1,1
0,0.0006889041,0.25016457,0.045850914735003044,0,0,0
0,0.0006733278,0.86364704,0.17017402895178535,0,1,0
1,0.99935716,0.36559328,0.9114373333271455,1,0,1
1,0.9994531,0.93154866,0.9751683918536233,1,1,1
1,0.9994566,0.929108,0.9750286442483687,1,1,1
1,0.9993243,0.9318759,0.9751712259198079,1,1,1
1,0.99941885,0.37756866,0.9137221186585255,1,0,1
1,0.99932086,0.9313448,0.9751403650152416,1,1,1
0,0.0006045967,0.061703328,0.02983933003888617,0,0,0
1,0.99945027,0.9329878,0.975250337306501,1,1,1
0,0.00061251613,0.06095061,0.029788998392420954,0,0,0
0,0.00061324076,0.060995195,0.029792153282039723,0,0,0
1,0.999461,0.9325568,0.97522704028012,1,1,1
0,0.00067783927,0.066178024,0.030158188113660975,0,0,0
1,0.999443,0.8788031,0.971959890762652,1,1,1
0,0.0006658235,0.07009743,0.03042872370759731,0,0,0
1,0.9992755,0.9322946,0.9751891716841934,1,1,1
0,0.00060523266,0.06537083,0.030091582961406495,0,0,0
0,0.0006862456,0.06265106,0.029916377886657432,0,0,0
0,0.00061021565,0.060940463,0.029787965564304707,0,0,0
1,0.999433,0.9203961,0.974518980640243,1,1,1
0,0.000693887,0.8320836,0.15990318152888935,0,1,0
1,0.999385,0.9347062,0.97534025148796,1,1,1
1,0.9993612,0.93468374,0.9753360552499214,1,1,1
1,0.99944776,0.90378803,0.9735270315129387,1,1,1
1,0.9988452,0.93444616,0.9752591092003706,1,1,1
0,0.00071206386,0.0662915,0.03017114749235188,0,0,0
1,0.9988405,0.9336848,0.9752150398184284,1,1,1
0,0.00061868393,0.07659384,0.030878165134707185,0,0,0
0,0.0006218848,0.06134507,0.029817358935308496,0,0,0
0,0.00060892734,0.060820863,0.029779600842413233,0,0,0
1,0.99941766,0.9255615,0.9748187056407959,1,1,1
1,0.9994429,0.9323047,0.97521039408003,1,1,1
0,0.00067915616,0.06312297,0.02994773937308154,0,0,0
1,0.9993783,0.9341286,0.9753065482924907,1,1,1
0,0.0006132623,0.061648443,0.029836851430994692,0,0,0
1,0.9993129,0.5085137,0.9351812501785087,1,1,1
1,0.9992404,0.9325136,0.9751973706504451,1,1,1
1,0.9992494,0.4900643,0.9324647789338794,1,0,1
0,0.000628924,0.066544086,0.030176221564473627,0,0,0
1,0.99889225,0.933576,0.9752151955225037,1,1,1
1,0.99944896,0.9307279,0.9751208214962531,1,1,1
0,0.00066598406,0.099528104,0.03255108646591602,0,0,0
0,0.00065765966,0.09089632,0.03191290317021856,0,0,0
1,0.9994549,0.9308054,0.9751260049897293,1,1,1
0,0.0006572918,0.065777466,0.030127425870956473,0,0,0
0,0.00064087653,0.07672598,0.03089090844911307,0,0,0
1,0.99938536,0.9288997,0.9750077929777862,1,1,1
0,0.0006853241,0.06301455,0.02994120375150517,0,0,0
0,0.00065607356,0.08880731,0.03176034859128316,0,0,0
1,0.99930906,0.9316246,0.9751549445423634,1,1,1
1,0.9993783,0.9294792,0.9750402982161778,1,1,1
1,0.9992613,0.9322369,0.9751841184801247,1,1,1
1,0.99888104,0.9342795,0.9752540057685121,1,1,1
0,0.0006431475,0.10331191,0.03283042172906424,0,0,0
1,0.99938095,0.9299766,0.9750692403738677,1,1,1
1,0.99944407,0.9330461,0.9752529021710268,1,1,1
0,0.00066191977,0.07012772,0.030430249859967673,0,0,0
1,0.9993838,0.93295676,0.975240380507004,1,1,1
1,0.9994404,0.93277043,0.9752367047505405,1,1,1
1,0.99945086,0.93014383,0.975087519634685,1,1,1
0,0.0006735929,0.06914062,0.0303631903070082,0,0,0
1,0.99944335,0.92938256,0.9750428081613495,1,1,1
0,0.0006466006,0.07478209,0.03075442593193236,0,0,0
1,0.999421,0.92368776,0.9747101014372298,1,1,1
0,0.000712611,0.14375988,0.036020223284591806,0,0,0
1,0.99941313,0.92522335,0.9747984972997212,1,1,1
0,0.00074348145,0.06761694,0.030267722688232614,0,0,0
0,0.000616655,0.06101019,0.0297936818301856,0,0,0
1,0.99883145,0.9344116,0.975255441375446,1,1,1
0,0.0006111556,0.06095624,0.02978918263994082,0,0,0
0,0.0006853398,0.07115617,0.0305056382342948,0,0,0
0,0.0007624501,0.43641555,0.06949335093394014,0,0,0
1,0.99945337,0.9333873,0.9752735152925489,1,1,1
0,0.0006168055,0.06924886,0.030362200738789022,0,0,0
0,0.0006892285,0.0630429,0.029943729908914956,0,0,0
1,0.9994486,0.9316009,0.9751708263215948,1,1,1
1,0.9994573,0.932497,0.9752231682579738,1,1,1
0,0.0013029135,0.15605907,0.037151681497605546,0,0,0
0,0.0006348317,0.06946488,0.03037995523307871,0,0,0
0,0.0006072246,0.06122208,0.029806781916806822,0,0,0
1,0.99944264,0.91705555,0.9743232648774932,1,1,1
1,0.9994155,0.90462583,0.9735738253691768,1,1,1
1,0.9994609,0.9295617,0.9750552897270922,1,1,1
1,0.99887985,0.933348,0.9752006283969249,1,1,1
1,0.99938405,0.92877144,0.975000235674441,1,1,1
1,0.99918526,0.93271095,0.9752018593173972,1,1,1
0,0.00070077955,0.06623853,0.030165797384139707,0,0,0
1,0.9993837,0.929602,0.9750480345375958,1,1,1
1,0.9987129,0.9341063,0.9752234020840765,1,1,1
0,0.0006370364,0.17512858,0.03867285569221817,0,0,0
1,0.99935967,0.93359244,0.9752736929532034,1,1,1
0,0.0006232966,0.18650295,0.03968293084677232,0,0,0
1,0.9988348,0.9342685,0.9752476820435687,1,1,1
0,0.0006694694,0.08170083,0.031249549074631105,0,0,0
0,0.00061656686,0.06138957,0.02981961921736669,0,0,0
1,0.99939966,0.9105645,0.9739307788163949,1,1,1
0,0.00060096587,0.06548894,0.03009910279054611,0,0,0
0,0.0063726488,0.93137026,0.19858926343050531,0,1,0
0,0.0008936746,0.07042846,0.030486163831427254,0,0,0
1,0.99890184,0.93352944,0.9752137171025137,1,1,1
1,0.9994586,0.92958075,0.9750561060551027,1,1,1
1,0.9993205,0.9306988,0.975103252267911,1,1,1
0,0.00061527366,0.15827765,0.03721398939354342,0,0,0
0,0.00061088626,0.061066132,0.029796656445689435,0,0,0
0,0.00060847483,0.063254595,0.029946310797693203,0,0,0
1,0.99938357,0.93465155,0.975336966273282,1,1,1
1,0.9994659,0.9318017,0.9751844545914954,1,1,1
1,0.99924797,0.93213165,0.9751764439329835,1,1,1
0,0.00061220326,0.17246231,0.0384343898830528,0,0,0
0,0.00060510257,0.06091814,0.029785686001592974,0,0,0
1,0.999281,0.9325922,0.9752068744169547,1,1,1
1,0.9994486,0.9322914,0.9752103395711521,1,1,1
1,0.99945444,0.93302786,0.9752531376374158,1,1,1
0,0.0042716013,0.19606975,0.04128457974991119,0,0,0
0,0.00062674045,0.06684039,0.0301964133487335,0,0,0
1,0.9984434,0.926205,0.9747339526605708,1,1,1
0,0.000635839,0.070092395,0.030423860564050248,0,0,0
0,0.00070340873,0.067996085,0.030288053094788995,0,0,0
1,0.9993297,0.9314224,0.9751459050499391,1,1,1
1,0.9989023,0.93422675,0.9752536138241329,1,1,1
0,0.00061032263,0.06592772,0.03013081098318558,0,0,0
0,0.00060884,0.06097936,0.0297904218209953,0,0,0
0,0.00061379035,0.065187134,0.030080177531739947,0,0,0
0,0.0006929176,0.085536204,0.03152901023281203,0,0,0
0,0.00061781507,0.06642675,0.030166442206287045,0,0,0
1,0.9994293,0.92100084,0.9745540097129581,1,1,1
0,0.000607373,0.061117373,0.029799642445017486,0,0,0
1,0.9993261,0.06967873,0.8363350813709238,1,0,1
0,0.0006099807,0.061415546,0.029820424974143635,0,0,0
0,0.0006147268,0.06104443,0.02979573865898037,0,0,0
0,0.00073928724,0.06754019,0.030261766920570792,0,0,0
1,0.99945205,0.9325541,0.97522578526218,1,1,1
0,0.0006156056,0.06633626,0.03015985129169565,0,0,0
1,0.9993895,0.89769214,0.9731451136672057,1,1,1
1,0.99931896,0.931824,0.975167593338939,1,1,1
1,0.9994561,0.93336993,0.9752728631514684,1,1,1
0,0.0011828229,0.101819,0.03280570614309312,0,0,0
0,0.0006119582,0.060909826,0.02978612813837626,0,0,0
1,0.9994222,0.9246128,0.9747641327263835,1,1,1
0,0.00064562686,0.09244695,0.03202451024965351,0,0,0
0,0.000606119,0.06701899,0.03020570635339086,0,0,0
1,0.99945074,0.9324036,0.9752170212439303,1,1,1
1,0.99934894,0.58102936,0.944844056347956,1,1,1
1,0.9988927,0.93459105,0.9752732215149618,1,1,1
0,0.0006676134,0.09499998,0.03221573376392589,0,0,0
0,0.00061649363,0.06530663,0.030088827738536748,0,0,0
1,0.9994499,0.9302959,0.9750961367582032,1,1,1
1,0.99937636,0.9327784,0.9752292746622581,1,1,1
0,0.000616323,0.06576352,0.03012035689364478,0,0,0
0,0.00061264366,0.06191392,0.029854942321026447,0,0,0
0,0.0006878925,0.06307421,0.029945683071787754,0,0,0
1,0.99884355,0.93422925,0.9752465214001554,1,1,1
1,0.99944896,0.93064916,0.9751163027917342,1,1,1
0,0.0009241812,0.092573315,0.03207786074410866,0,0,0
1,0.99937844,0.9328307,0.9752325184163594,1,1,1
1,0.99945027,0.9262322,0.974861696642047,1,1,1
0,0.000636526,0.9146745,0.18787407192516953,0,1,0
0,0.0006097532,0.060948484,0.029788445687221964,0,0,0
1,0.9994481,0.9318836,0.9751869499401229,1,1,1
1,0.9992742,0.9310522,0.9751178067803299,1,1,1
1,0.99930525,0.931705,0.9751590807181002,1,1,1
0,0.00061595306,0.060942538,0.029788953166195953,0,0,0
0,0.00064004265,0.067065224,0.03021397931082011,0,0,0
0,0.0006753864,0.08152527,0.03123789366986475,0,0,0
1,0.99931705,0.5877902,0.9456631902674214,1,1,1
0,0.00060836814,0.06098053,0.029790432225848568,0,0,0
0,0.000630867,0.07532921,0.03079063077104635,0,0,0
0,0.00066694507,0.070393726,0.030449576296400046,0,0,0
0,0.0006596715,0.06562594,0.030117309641643837,0,0,0
0,0.0006834958,0.0680299,0.03028741946773515,0,0,0
0,0.00063065055,0.06497867,0.03006830234937124,0,0,0
0,0.0006313157,0.06510499,0.030077116913846836,0,0,0
1,0.9992731,0.9311743,0.9751246788206025,1,1,1
0,0.0011099561,0.92241925,0.19105807888352688,0,1,0
1,0.9993048,0.93191195,0.9751708767897538,1,1,1
1,0.9993783,0.93458,0.9753322526090151,1,1,1
1,0.9992648,0.9308599,0.975105603003146,1,1,1
0,0.0011520897,0.063937165,0.030074021043608814,0,0,0
0,0.0006048587,0.06150959,0.029826105428843404,0,0,0
0,0.002752306,0.90023816,0.18433646431892645,0,1,0
0,0.000715663,0.08383196,0.03140968041060474,0,0,0
0,0.0006108604,0.06324456,0.02994597466804979,0,0,0
0,0.0010825647,0.2537092,0.046307711039686915,0,0,0
0,0.0006695192,0.08467603,0.0314633050494079,0,0,0
0,0.0006226615,0.06647987,0.030170841912129875,0,0,0
1,0.9994367,0.91403717,0.9741432792610853,1,1,1
0,0.00062923005,0.06481566,0.03005684851222681,0,0,0
0,0.0006859714,0.06411257,0.030016827148941633,0,0,0
1,0.99937785,0.93438596,0.9753211471929397,1,1,1
1,0.9988859,0.93376184,0.9752250399893334,1,1,1
0,0.0006484805,0.43276995,0.0689005060419742,0,0,0
1,0.99943084,0.9222187,0.9746255431709343,1,1,1
0,0.00061988237,0.060904354,0.029786922083160684,0,0,0
0,0.0007532821,0.06671072,0.030206333878625636,0,0,0
1,0.9993838,0.9297334,0.9750556081893181,1,1,1
1,0.9994585,0.9324053,0.975218071824045,1,1,1
1,0.9988834,0.93414855,0.9752468228908241,1,1,1
1,0.9994124,0.4930217,0.9329560012654619,1,0,1
0,0.00062031177,0.06785394,0.03026573775252558,0,0,0
1,0.9994616,0.9333289,0.975271198398521,1,1,1
1,0.9993247,0.9316501,0.9751583360563909,1,1,1
0,0.0007145804,0.080582306,0.03117650332542089,0,0,0
0,0.0006804944,0.1662945,0.037911535141960724,0,0,0
0,0.0006061026,0.06671704,0.03018478901163075,0,0,0
1,0.99946076,0.92989224,0.9750742859286985,1,1,1
1,0.99944025,0.93138474,0.9751574108821023,1,1,1
0,0.00060884695,0.0637984,0.029983754790633015,0,0,0
0,0.00064248923,0.06841426,0.03030798526673787,0,0,0
1,0.99930036,0.08031518,0.8397320750413583,1,0,1
1,0.99891555,0.9340622,0.9752458469569895,1,1,1
0,0.0006190272,0.44395843,0.0706079437648966,0,0,0
0,0.00064536993,0.08875871,0.031755135038390225,0,0,0
1,0.99942786,0.92078495,0.97454116217036,1,1,1
0,0.0008055381,0.9258367,0.19206948153443304,0,1,0
0,0.0006426466,0.10227465,0.03275252493622122,0,0,0
1,0.9994382,0.9312891,0.9751516780114519,1,1,1
0,0.00063796114,0.06609026,0.030146169708135485,0,0,0
0,0.000617389,0.84083617,0.16265078156140392,0,1,0
1,0.9993755,0.93460083,0.9753330926415126,1,1,1
0,0.9985453,0.9322066,0.9750938408515007,1,1,1
1,0.99877745,0.9343802,0.9752470000466146,1,1,1
1,0.999453,0.9322613,0.9752091621833818,1,1,1
1,0.99927455,0.08558086,0.8413836786133405,1,0,1
1,0.9994498,0.9329846,0.9752500948385764,1,1,1
1,0.99944276,0.9311904,0.9751465800752744,1,1,1
1,0.9992593,0.9322793,0.9751862940955803,1,1,1
0,0.000766768,0.9178099,0.18911010334225162,0,1,0
1,0.9988537,0.9337392,0.9752197711936255,1,1,1
1,0.9991714,0.93265253,0.9751968044768257,1,1,1
0,0.0006311954,0.066401705,0.030166705931072867,0,0,0
0,0.0006070787,0.06601731,0.030136520428105915,0,0,0
1,0.9994147,0.92481637,0.9747750318319771,1,1,1
0,0.00092342694,0.2464046,0.04551533434598878,0,0,0
1,0.999435,0.9319093,0.9751868053196907,1,1,1
0,0.0007080565,0.32344607,0.05406485701083162,0,0,0
0,0.00060760207,0.06098725,0.029790778742793508,0,0,0
0,0.00068738393,0.19502065,0.04047056667063128,0,0,0
0,0.00070444186,0.06558464,0.03012112611963983,0,0,0
0,0.0006119439,0.06618256,0.030148673024911695,0,0,0
0,0.00061032845,0.06705825,0.030209055572449586,0,0,0
0,0.00069835945,0.16242889,0.03758273080765261,0,0,0
1,0.99887055,0.9336348,0.9752158842041444,1,1,1
1,0.9994566,0.9334277,0.9752762161764356,1,1,1
0,0.0006229577,0.21129596,0.041979025336585034,0,0,0
1,0.99945134,0.93155,0.9751682495245362,1,1,1
0,0.00069312967,0.17124183,0.038343057915405196,0,0,0
1,0.9993998,0.9109703,0.9739551530672461,1,1,1
1,0.9988543,0.9344873,0.9752625712240457,1,1,1
1,0.99945897,0.92557484,0.9748246518177153,1,1,1
0,0.00063649804,0.06410579,0.030009014145141732,0,0,0
0,0.00063080626,0.7229077,0.12813936728331865,0,1,0
0,0.00061396527,0.061573535,0.029831826721951275,0,0,0
0,0.0006390608,0.08528992,0.03150284455734481,0,0,0
1,0.99945575,0.9260925,0.9748542823108534,1,1,1
1,0.9994646,0.9301775,0.9750911529654556,1,1,1
0,0.0006147103,0.0613882,0.029819251457913726,0,0,0
1,0.9994424,0.9329377,0.9752465064665771,1,1,1
0,0.00066053023,0.08620005,0.03157194152497312,0,0,0
0,0.0006043386,0.060827915,0.029779406556893442,0,0,0
1,0.99931884,0.93006366,0.9750665467618446,1,1,1
1,0.9994517,0.93226206,0.9752090447960994,1,1,1
0,0.00060182356,0.061011698,0.02979159838518824,0,0,0
1,0.99889755,0.93362045,0.9752183914688394,1,1,1
1,0.99943584,0.9199968,0.9744958799767671,1,1,1
0,0.000641215,0.3448084,0.0566898021981953,0,0,0
0,0.0006595247,0.42736125,0.06808784511271675,0,0,0
0,0.0006149518,0.06158635,0.029832849655451625,0,0,0
0,0.0007135529,0.08277097,0.03133309311683345,0,0,0
0,0.00080706045,0.06906453,0.03037793689772698,0,0,0
0,0.0006265772,0.06625902,0.03015614431614456,0,0,0
0,0.0006023843,0.061073538,0.029795909255378283,0,0,0
1,0.99884593,0.93413335,0.975241338164851,1,1,1
1,0.9994165,0.924868,0.9747782580309564,1,1,1
1,0.9988312,0.93365693,0.9752122985266827,1,1,1
0,0.00064680463,0.07720826,0.030925983395936312,0,0,0
0,0.00060579355,0.061009638,0.029792042820170606,0,0,0
0,0.00068631076,0.45379874,0.07217369418460104,0,0,0
1,0.99946326,0.93170273,0.9751784665210123,1,1,1
1,0.99928564,0.93246704,0.9752002883505602,1,1,1
1,0.9989015,0.93432856,0.9752593220599873,1,1,1
0,0.00062426145,0.06611794,0.030146040930171893,0,0,0
1,0.99937433,0.93404555,0.9753013272928779,1,1,1
0,0.0006043556,0.06546788,0.03009815309635128,0,0,0
0,0.0006683494,0.16004452,0.037373758317175355,0,0,0
1,0.9993729,0.9345887,0.9753320788490197,1,1,1
0,0.00059976766,0.06121786,0.029805393357239415,0,0,0
0,0.0006192907,0.85297275,0.16659991288946166,0,1,0
0,0.0006068491,0.06116609,0.029802896849624026,0,0,0
1,0.99944586,0.9323797,0.9752150522631924,1,1,1
1,0.99944526,0.9328414,0.9752413615277662,1,1,1
0,0.0006117366,0.07827569,0.030996369316107126,0,0,0
1,0.999358,0.9341327,0.9753042857582697,1,1,1
0,0.00064705004,0.076272145,0.03085972961437212,0,0,0
1,0.9994319,0.91855127,0.9744102617679355,1,1,1
1,0.9993781,0.9161894,0.9742637046075809,1,1,1
1,0.022882825,0.11807344,0.03788173100965069,0,0,0
0,0.9937587,0.9264017,0.974150480752606,1,1,1
0,0.00062525016,0.20677707,0.04155171859067582,0,0,0
1,0.99938536,0.92890114,0.9750078754298382,1,1,1
1,0.99938023,0.9282783,0.9749713148016371,1,1,1
1,0.99937975,0.93306804,0.9752462365683899,1,1,1
0,0.00061513233,0.0655865,0.030107950042489177,0,0,0
0,0.0006116958,0.1905862,0.04005035963164605,0,0,0
0,0.000607726,0.061443456,0.029822002248581458,0,0,0
1,0.9994566,0.93226165,0.9752096236246808,1,1,1
0,0.00066351326,0.07757364,0.030954451834797347,0,0,0
1,0.99885464,0.9338253,0.9752248115160458,1,1,1
0,0.0006101407,0.06094382,0.029788183965018058,0,0,0
1,0.99945897,0.9322309,0.9752081588034508,1,1,1
1,0.9988992,0.9344317,0.9752649278250081,1,1,1
1,0.9994166,0.92438364,0.9747500909704149,1,1,1
1,0.9988586,0.9343964,0.9752579117835861,1,1,1
1,0.99945074,0.9323224,0.97521237642784,1,1,1
0,0.00061525515,0.061000522,0.02979281448419339,0,0,0
1,0.9993699,0.4173625,0.9208411247001069,1,0,1
1,0.9992555,0.9324147,0.9751935733815142,1,1,1
1,0.99839324,0.9274248,0.9747986257871836,1,1,1
0,0.0006112366,0.061647505,0.029836488079503176,0,0,0
0,0.0006218612,0.12833636,0.03475914691837868,0,0,0
0,0.0006259881,0.067025624,0.030209134658160542,0,0,0
0,0.00063379953,0.18833356,0.03985032038905138,0,0,0
1,0.99944526,0.9311051,0.9751419995127539,1,1,1
1,0.9994355,0.91639715,0.9742833613975903,1,1,1
0,0.0006262077,0.06629207,0.03015837570374331,0,0,0
1,0.9994313,0.93346953,0.9752754945024699,1,1,1
1,0.99944776,0.930771,0.9751231468070684,1,1,1
0,0.0006114379,0.061483458,0.02982528779217198,0,0,0
1,0.9993824,0.92920434,0.9750249756958271,1,1,1
0,0.00061273214,0.06549185,0.03010105549259961,0,0,0
1,0.9993253,0.9320139,0.9751792483598622,1,1,1
1,0.9988702,0.9344174,0.9752605430371538,1,1,1
1,0.99897975,0.9337856,0.9752379573903387,1,1,1
0,0.00061224785,0.061563674,0.029830898159328597,0,0,0
0,0.000616904,0.06611658,0.030144849484251623,0,0,0
0,0.0006092011,0.060757156,0.029775287681630694,0,0,0
1,0.99943477,0.9212567,0.9745697080264218,1,1,1
0,0.0006139969,0.15846716,0.037229820319618016,0,0,0
0,0.00095258956,0.46341956,0.07380529371453025,0,0,0
0,0.015193459,0.17463268,0.041482952745933374,0,0,0
0,0.0006413647,0.06844164,0.030309719659598673,0,0,0
1,0.9993055,0.93180853,0.975165041752188,1,1,1
0,0.0006104425,0.060973078,0.029790228658922672,0,0,0
1,0.9989128,0.934804,0.9752878359922783,1,1,1
1,0.9988261,0.9343308,0.9752501703844766,1,1,1
0,0.00061717065,0.06649698,0.03017120693292684,0,0,0
0,0.0006373163,0.067645594,0.03025382147302113,0,0,0
1,0.9994254,0.91486895,0.9741913453680051,1,1,1
0,0.00060840603,0.06332626,0.02995122543909172,0,0,0
0,0.00060516514,0.17815997,0.038934229673582885,0,0,0
1,0.9993793,0.9262728,0.9748551754571422,1,1,1
1,0.9992588,0.93244916,0.9751959564549251,1,1,1
0,0.00074408005,0.06606044,0.030159935170303135,0,0,0
0,0.00061631773,0.065891355,0.0301291908603927,0,0,0
1,0.9994112,0.7341818,0.9609633200470495,1,1,1
0,0.0007507591,0.07154926,0.030543027841832934,0,0,0
0,0.0010198924,0.51049703,0.08181371990152095,0,1,0
1,0.9994443,0.93041575,0.9751023270560071,1,1,1
1,0.99930763,0.9317716,0.9751631897861179,1,1,1
1,0.99941313,0.92416555,0.9747369568757016,1,1,1
0,0.0006830237,0.06630479,0.0301677330309571,0,0,0
0,0.0010782959,0.53796947,0.08685337483110313,0,1,0
1,0.9994469,0.93301404,0.975251423680622,1,1,1
1,0.99942696,0.91218823,0.9740316390751274,1,1,1
0,0.0006649506,0.07609062,0.030849620319858266,0,0,0
1,0.99929285,0.93209445,0.9751798556425331,1,1,1
0,0.000686209,0.062709,0.029920350299053274,0,0,0
1,0.9994567,0.92978597,0.9750676730012012,1,1,1
1,0.99936455,0.9321464,0.9751916772707542,1,1,1
1,0.9988587,0.9334115,0.9752016495878013,1,1,1
1,0.9994579,0.9319085,0.9751895822509006,1,1,1
1,0.9994185,0.9001204,0.9732986495617332,1,1,1
0,0.00062417396,0.06635199,0.0301622178921279,0,0,0
0,0.0006070692,0.061885867,0.0298521971390748,0,0,0
1,0.9994579,0.92961687,0.9750580952443687,1,1,1
1,0.99945265,0.929888,0.9750730377231683,1,1,1
1,0.9993703,0.9342311,0.975311399615403,1,1,1
1,0.99945277,0.9299647,0.9750774623696571,1,1,1
0,0.0006041595,0.06647644,0.030167843545778873,0,0,0
1,0.9994542,0.9295877,0.9750559600869164,1,1,1
0,0.010896945,0.9320538,0.20254845997678958,0,1,0
0,0.00065464014,0.082964614,0.03133787521042869,0,0,0
0,0.0006243174,0.06615113,0.03014834431689702,0,0,0
0,0.0006578527,0.9057092,0.18467625271605997,0,1,0
1,0.99945813,0.9321989,0.975206225374081,1,1,1
1,0.9992404,0.9326489,0.9752051104245325,1,1,1
0,0.00061285094,0.18060477,0.039152667104806464,0,0,0
1,0.99945515,0.92952126,0.9750522547280832,1,1,1
0,0.00061449275,0.06622175,0.0301517637947153,0,0,0
0,0.0006810374,0.34177947,0.05631868023925039,0,0,0
1,0.999424,0.9096393,0.9738783142339867,1,1,1
1,0.99945086,0.9324317,0.9752186408095614,1,1,1
0,0.0006136254,0.06377181,0.029982634313910066,0,0,0
1,0.99942845,0.908168,0.9737902181572083,1,1,1
0,0.0025076652,0.07887955,0.031331461225708665,0,0,0
0,0.0006611247,0.09129436,0.031942549923324265,0,0,0
0,0.00062459474,0.06628915,0.03015793302209706,0,0,0
1,0.9993443,0.070381835,0.836575274004245,1,0,1
1,0.9994399,0.93137854,0.9751570114814929,1,1,1
1,0.99884194,0.93410695,0.9752393381963637,1,1,1
0,0.0006112523,0.060975257,0.02979049703479043,0,0,0
1,0.9994567,0.9300382,0.9750821740149379,1,1,1
1,0.9994468,0.93231255,0.9752113290373442,1,1,1
0,0.0008392444,0.07043984,0.030478754516813953,0,0,0
0,0.00064314133,0.06614818,0.030150947690186895,0,0,0
1,0.9994555,0.93247825,0.9752218747533545,1,1,1
1,0.99842095,0.9261851,0.9747299699952899,1,1,1
0,0.0006050821,0.061323088,0.02981337576679047,0,0,0
0,0.0006151616,0.061015546,0.029793827927937385,0,0,0
1,0.99928206,0.9326406,0.9752097745376515,1,1,1
1,0.9992434,0.93226737,0.9751836474502692,1,1,1
0,0.0006103651,0.061224435,0.029807406191290277,0,0,0
0,0.0006081527,0.06100691,0.02979220418654227,0,0,0
0,0.00061048934,0.16218203,0.03754541808239082,0,0,0
1,0.99944,0.9246913,0.9747709354180216,1,1,1
0,0.0006081093,0.063287064,0.02994848778981414,0,0,0
1,0.99937075,0.93432814,0.975316984345379,1,1,1
1,0.9992685,0.10915485,0.8486805429873616,1,0,1
1,0.99944633,0.9335396,0.975281339153657,1,1,1
1,0.99944836,0.93255126,0.9752251663557772,1,1,1
0,0.00071045605,0.16436012,0.03775054997589904,0,0,0
1,0.9994456,0.93096644,0.9751340933297974,1,1,1
0,0.00069722056,0.09042793,0.031884920132481225,0,0,0
0,0.0006083942,0.061394222,0.029818731679994076,0,0,0
0,0.0006112538,0.06092657,0.029787168965411406,0,0,0
1,0.99930584,0.93185997,0.9751680324163757,1,1,1
0,0.0006038647,0.06631863,0.03015688015860229,0,0,0
0,0.000607867,0.061475128,0.029824190681622873,0,0,0
1,0.9993672,0.93389344,0.9752917796514561,1,1,1
1,0.9994467,0.9312129,0.9751483578946101,1,1,1
0,0.00063887285,0.07655039,0.03087817094714956,0,0,0
1,0.9994536,0.9316438,0.9751738988855508,1,1,1
1,0.99885905,0.9347131,0.9752760422104523,1,1,1
1,0.9992729,0.9308275,0.9751047448561057,1,1,1
1,0.9994086,0.7237204,0.9600238845906159,1,1,1
0,0.0010081499,0.0897735,0.031886091021344605,0,0,0
1,0.99938273,0.92895615,0.9750107202811658,1,1,1
0,0.0006066227,0.06132538,0.029813759806404612,0,0,0
0,0.00065956835,0.067026764,0.03021423186181549,0,0,0
1,0.9994479,0.93105096,0.9751392204941384,1,1,1
0,0.0006286174,0.066284776,0.030158230560175914,0,0,0
1,0.99931693,0.9315369,0.9751508918407144,1,1,1
0,0.0006144342,0.0661595,0.03014744958622691,0,0,0
1,0.9993082,0.9315018,0.9751478038864186,1,1,1
1,0.9993678,0.93465894,0.9753354488240951,1,1,1
1,0.99889404,0.9343,0.9752567755393368,1,1,1
0,0.0006181817,0.06589232,0.03012953510990459,0,0,0
1,0.99937326,0.9345775,0.9753314884135666,1,1,1
1,0.9994324,0.9262524,0.9748606328102969,1,1,1
1,0.9993259,0.93079454,0.9751094126597206,1,1,1
1,0.99942905,0.85174227,0.9701596390473838,1,1,1
0,0.0006653712,0.06557172,0.030114412370592748,0,0,0
0,0.00060731743,0.06383573,0.029986096468475963,0,0,0
1,0.9993734,0.93297577,0.9752401818382598,1,1,1
1,0.999228,0.92844385,0.974961919922955,1,1,1
0,0.00064864365,0.502538,0.08027069028573022,0,1,0
1,0.99932456,0.5954232,0.9465854357559975,1,1,1
1,0.99945515,0.9291855,0.9750329287701575,1,1,1
1,0.9993793,0.92867786,0.9749942468186328,1,1,1
1,0.99943954,0.9309379,0.9751317038113141,1,1,1
1,0.999416,0.92478424,0.9747733276938223,1,1,1
1,0.99926347,0.93222284,0.9751835781262869,1,1,1
1,0.9994294,0.9120583,0.9740241791713519,1,1,1
0,0.0006978279,0.92113423,0.19026468271305824,0,1,0
0,0.0008515161,0.07562355,0.03084503991428044,0,0,0
0,0.00084047,0.09623762,0.032334706479088565,0,0,0
1,0.9991611,0.93288714,0.9752089592698155,1,1,1
0,0.0006159778,0.06171644,0.029841908525787292,0,0,0
0,0.0006080539,0.06114194,0.02980142303820541,0,0,0
1,0.9993856,0.9349176,0.9753523494595719,1,1,1
0,0.0006836073,0.08067612,0.03117843450362972,0,0,0
1,0.9988456,0.9337584,0.9752198691123767,1,1,1
0,0.0006147033,0.06603323,0.03013875794028961,0,0,0
1,0.9988918,0.9336323,0.9752183568382033,1,1,1
0,0.0006244093,0.06429174,0.03002002448213636,0,0,0
1,0.9993285,0.9305478,0.9750955669255845,1,1,1
0,0.00064696674,0.17099556,0.038312908187032806,0,0,0
1,0.99944276,0.9204265,0.9745220040133906,1,1,1
0,0.00068120327,0.070048176,0.03042760074606787,0,0,0
1,0.9993806,0.9314192,0.9751520122271022,1,1,1
0,0.00060627185,0.060958765,0.029788635383896298,0,0,0
0,0.00061053445,0.06383448,0.029986487622981773,0,0,0
0,0.000615544,0.8847348,0.17729118128059895,0,1,0
0,0.00067345233,0.092892945,0.032061632336233735,0,0,0
0,0.0006184602,0.0665897,0.0301778171495196,0,0,0
1,0.999276,0.93223596,0.9751858736861195,1,1,1
1,0.99930286,0.93166447,0.975156463644855,1,1,1
0,0.0007151159,0.9316313,0.19413325055366337,0,1,0
1,0.9989071,0.9342046,0.9752529350223623,1,1,1
0,0.00067483657,0.09047308,0.03188469257048138,0,0,0
1,0.9993789,0.9274334,0.9749223339393198,1,1,1
1,0.9993837,0.9297561,0.9750568998564515,1,1,1
0,0.0006026154,0.07277122,0.030606302385928263,0,0,0
1,0.99938023,0.9297133,0.9750540088756987,1,1,1
1,0.99946195,0.9291747,0.9750331512447565,1,1,1
0,0.0006792134,0.07725031,0.030933919330814474,0,0,0
0,0.0006091543,0.060969133,0.02978976905079685,0,0,0
1,0.9994497,0.9306111,0.9751142052251002,1,1,1
1,0.99938834,0.7568212,0.9629191292715774,1,1,1
1,0.9993807,0.9303196,0.9750889272130586,1,1,1
1,0.9994498,0.931958,0.9751914164975332,1,1,1
0,0.0006085174,0.06550605,0.030101408541267395,0,0,0
0,0.0006079383,0.061395843,0.029818775292867854,0,0,0
0,0.00062373927,0.060941413,0.029790024057707674,0,0,0
0,0.0006076967,0.061169393,0.02980324785380933,0,0,0
1,0.99944395,0.9303784,0.9751001365539363,1,1,1
0,0.00068712916,0.06261602,0.029914103387006348,0,0,0
1,0.99929464,0.9317297,0.9751591837689774,1,1,1
0,0.0006290154,0.06619786,0.030152277142771283,0,0,0
1,0.99944,0.9337035,0.9752899042898288,1,1,1
1,0.99925095,0.9325652,0.9752016249868874,1,1,1
0,0.0007202866,0.14823046,0.03639058130755883,0,0,0
1,0.9993191,0.9302976,0.9750800262527117,1,1,1
0,0.0006176897,0.06793056,0.03027066440083921,0,0,0
0,0.00061440695,0.066521056,0.030172460634841712,0,0,0
1,0.9994486,0.930645,0.9751160190616995,1,1,1
1,0.99937767,0.92677945,0.9748843333072945,1,1,1
1,0.99934167,0.5810016,0.9448386993576277,1,1,1
0,0.0007106524,0.06624294,0.030167575878694317,0,0,0
0,0.0006535545,0.08685271,0.0316180872512087,0,0,0
1,0.99932075,0.42679554,0.9224344087068606,1,0,1
1,0.9993197,0.9319766,0.9751764202499953,1,1,1
1,0.9992399,0.93211645,0.9751745800581891,1,1,1
0,0.00071512646,0.065419935,0.030111338545909357,0,0,0
1,0.9992631,0.93110365,0.9751193868650717,1,1,1
0,0.00064880535,0.06435531,0.03002802720450348,0,0,0
1,0.0038428633,0.06964529,0.030878436781469957,0,0,0
1,0.9994456,0.933162,0.9752597068173124,1,1,1
0,0.00065553386,0.06661593,0.030185168337576042,0,0,0
0,0.00073089224,0.907499,0.18537080317407473,0,1,0
1,0.99937856,0.93389696,0.9752933793230859,1,1,1
0,0.0006424831,0.083338134,0.03136282223814791,0,0,0
1,0.9994425,0.9320319,0.9751947484920251,1,1,1
1,0.9994161,0.92523205,0.9747993763863826,1,1,1
1,0.99945027,0.93277645,0.9752382673544657,1,1,1
0,0.00062207633,0.06649891,0.030172072654520408,0,0,0
1,0.9993765,0.9293912,0.9750350039267841,1,1,1
1,0.99938357,0.9347204,0.9753408830406655,1,1,1
0,0.00060801767,0.06212473,0.02986870452772308,0,0,0
0,0.0006166744,0.061083768,0.02979871589199798,0,0,0
0,0.00076629536,0.9341473,0.1951069734499538,0,1,0
1,0.99878424,0.9338248,0.9752161044697714,1,1,1
1,0.9994547,0.9312799,0.9751531850247714,1,1,1
1,0.99944264,0.9309371,0.9751320427220151,1,1,1
1,0.99931884,0.9306502,0.9751002524976922,1,1,1
0,0.0008019888,0.07511654,0.03080166744797885,0,0,0
1,0.9994406,0.93192965,0.9751886600808896,1,1,1
1,0.99946314,0.93128085,0.9751542856405998,1,1,1
0,0.00061757665,0.061081316,0.02979868130569147,0,0,0
1,0.9993843,0.9295187,0.9750433127625453,1,1,1
1,0.99938667,0.9267074,0.9748812836115965,1,1,1
0,0.0006744116,0.0657196,0.030125977745470784,0,0,0
0,0.00061923877,0.06628259,0.030156680433513855,0,0,0
1,0.99883467,0.93337977,0.975196872379058,1,1,1
1,0.99890625,0.9347155,0.9752819833161903,1,1,1
1,0.9993411,0.6220759,0.9496887380366555,1,1,1
0,0.00060940284,0.06099921,0.029791862031144447,0,0,0
0,0.00060746423,0.061078932,0.02979702714128011,0,0,0
1,0.99943346,0.9274427,0.9749296750357381,1,1,1
0,0.00060039107,0.1992142,0.0408401358855778,0,0,0
1,0.9994659,0.9314357,0.9751634972663903,1,1,1
0,0.00059935334,0.06553624,0.03010212875728881,0,0,0
1,0.0006327306,0.06627316,0.030158040576109203,0,0,0
0,0.0006660399,0.07074576,0.030474032368081966,0,0,0
1,0.99926454,0.078320555,0.839071426190822,1,0,1
1,0.99938154,0.9344854,0.9753272605394322,1,1,1
0,0.0006135228,0.061061606,0.029796735695463553,0,0,0
0,0.00060907507,0.0616205,0.02983432005868999,0,0,0
1,0.99944764,0.9325949,0.9752275715732661,1,1,1
0,0.0006295387,0.065393545,0.030096769953959126,0,0,0
0,0.00063881354,0.06783013,0.030266854355115114,0,0,0
0,0.0006921926,0.3520572,0.05762782320610282,0,0,0
1,0.9994604,0.93228126,0.975211215346514,1,1,1
0,0.000676241,0.11288074,0.033562225775823365,0,0,0
0,0.0006303825,0.064859375,0.030060034394880763,0,0,0
0,0.0006148442,0.196524,0.04059446810910559,0,0,0
1,0.9994511,0.9301861,0.97508997725997,1,1,1
0,0.0006122394,0.060966734,0.02979005983708139,0,0,0
1,0.99944323,0.93274826,0.9752357905470666,1,1,1
1,0.9988661,0.93348044,0.9752065056164457,1,1,1
1,0.9993845,0.92910516,0.9750195287741056,1,1,1
0,0.0006130733,0.061103407,0.029799527934940367,0,0,0
0,0.0006213185,0.0750202,0.03076737363904777,0,0,0
1,0.99945146,0.9330567,0.9752544176219636,1,1,1
1,0.99933535,0.9313645,0.9751432835622876,1,1,1
1,0.9987771,0.9330509,0.9751709383772961,1,1,1
1,0.9993088,0.93183297,0.9751668539176714,1,1,1
1,0.99938583,0.8968095,0.9730900060204977,1,1,1
1,0.9994394,0.9326878,0.9752318677108507,1,1,1
1,0.99944,0.92713416,0.9749126469878701,1,1,1
1,0.99931777,0.9319872,0.9751767922469667,1,1,1
1,0.99938166,0.93003285,0.9750725641913005,1,1,1
1,0.9993869,0.9302155,0.975083711838302,1,1,1
1,0.9994498,0.93263876,0.975230342690266,1,1,1
1,0.99945265,0.93225336,0.9752086647445084,1,1,1
0,0.0006464173,0.075053506,0.03077354094934887,0,0,0
0,0.00065698294,0.103744864,0.03286519779368821,0,0,0
0,0.00061354326,0.0654039,0.03009510353359517,0,0,0
0,0.00062790455,0.066468254,0.03017082047606166,0,0,0
1,0.99944824,0.9322078,0.9752055164777415,1,1,1
0,0.00061633065,0.066348664,0.03016081776080117,0,0,0
0,0.00067755504,0.09721838,0.03238132540799068,0,0,0
1,0.99932003,0.5397485,0.9395204122415018,1,1,1
0,0.00068495225,0.06310441,0.029947322878975866,0,0,0
1,0.9994306,0.8803839,0.9720599027450003,1,1,1
0,0.0007463635,0.9343438,0.195164012185841,0,1,0
1,0.9994281,0.88280064,0.9722143951408736,1,1,1
1,0.99931824,0.93177915,0.9751649340395191,1,1,1
1,0.9994466,0.9304044,0.9751019571821371,1,1,1
1,0.9994305,0.91886127,0.9744283576674427,1,1,1
1,0.99935704,0.91148716,0.9739806256385637,1,1,1
0,0.00060430873,0.06164474,0.029835276010605382,0,0,0
1,0.9993825,0.93405086,0.9753026328075368,1,1,1
1,0.99932134,0.93184763,0.9751692397461619,1,1,1
1,0.9993832,0.9296344,0.9750498378562892,1,1,1
0,0.0007023346,0.13172038,0.03504258295070451,0,0,0
1,0.99938345,0.9297618,0.975057199456408,1,1,1
0,0.0006155804,0.062122,0.02986963511911433,0,0,0
0,0.000609374,0.060947254,0.02978830575479079,0,0,0
0,0.0006534922,0.06688203,0.03020329435419964,0,0,0
1,0.99926716,0.93111473,0.9751205246209858,1,1,1
0,0.00059757964,0.065418266,0.03009371868412416,0,0,0
1,0.9993212,0.93194824,0.9751749870042843,1,1,1
0,0.0006080205,0.066655606,0.030180821522911752,0,0,0
1,0.9993048,0.931876,0.9751688182692742,1,1,1
1,0.9994487,0.93035305,0.9750992722179131,1,1,1
0,0.0020684965,0.082072355,0.03149308649839828,0,0,0
1,0.99925834,0.9307723,0.9750997743809239,1,1,1
1,0.9992773,0.9324317,0.9751972368581588,1,1,1
1,0.9994479,0.9326619,0.9752314290746166,1,1,1
0,0.0006403817,0.21628402,0.04245971195724487,0,0,0
1,0.99944407,0.93209594,0.9751986022422762,1,1,1
0,0.000616779,0.07029503,0.030435133471893916,0,0,0
0,0.00063757086,0.540255,0.0871041797773,0,1,0
0,0.0011261394,0.4654456,0.07419433983231558,0,0,0
1,0.9993832,0.92933613,0.975032669003539,1,1,1
0,0.0022296952,0.56018686,0.09160028069557552,0,1,0
1,0.99945253,0.92960876,0.9750569634873854,1,1,1
0,0.0006154607,0.066303715,0.030157578104833757,0,0,0
1,0.9994493,0.9331165,0.9752575659746487,1,1,1
1,0.9994287,0.91280943,0.9740690019820668,1,1,1
0,0.0006135724,0.06345647,0.029960940834293685,0,0,0
0,0.00065500557,0.075186305,0.03078421833714964,0,0,0
0,0.0010617331,0.3795685,0.061373718479965214,0,0,0
0,0.010937332,0.54078835,0.0914779310139369,0,1,0
1,0.999244,0.93209964,0.9751741180146252,1,1,1
1,0.99917835,0.93128943,0.9751195602995555,1,1,1
1,0.99945027,0.92888397,0.975014952399454,1,1,1
1,0.9994122,0.7573154,0.9629651811310654,1,1,1
0,0.0006130373,0.06630423,0.03015725215602513,0,0,0
1,0.9994518,0.9298753,0.9750722043587219,1,1,1
1,0.99943954,0.8754165,0.9717402637284998,1,1,1
1,0.9993777,0.9340316,0.9753009500105408,1,1,1
0,0.0007081004,0.66631734,0.11395402555648511,0,1,0
0,0.0006041293,0.061166316,0.02980251127815341,0,0,0
1,0.99944407,0.9322077,0.975204995087273,1,1,1
0,0.00062074495,0.19849928,0.04077800506066352,0,0,0
1,0.9994091,0.7443885,0.9618585632631015,1,1,1
1,0.99927026,0.9311135,0.9751208363172473,1,1,1
1,0.99890137,0.93427974,0.9752565211530189,1,1,1
0,0.99854076,0.8948177,0.9728527553426219,1,1,1
0,0.0017160828,0.57682925,0.09470410344361267,0,1,0
1,0.9993061,0.93171513,0.9751597644011575,1,1,1
1,0.9994461,0.9326314,0.9752294650545748,1,1,1
1,0.99944574,0.9243847,0.9747538120986982,1,1,1
1,0.99937063,0.93418735,0.9753089516142454,1,1,1
1,0.9988663,0.93321157,0.9751911529008731,1,1,1
0,0.0006081643,0.06100189,0.029791862563158158,0,0,0
1,0.99937123,0.9341633,0.9753076531478865,1,1,1
1,0.9993655,0.93417674,0.9753077176341757,1,1,1
0,0.00060251035,0.25164363,0.0459848779645831,0,0,0
1,0.998868,0.9327278,0.9751636607896765,1,1,1
1,0.9994455,0.9318434,0.9751843267711041,1,1,1
1,0.9994259,0.8925425,0.9728298443849009,1,1,1
0,0.0014774378,0.7145519,0.12642360505757747,0,1,0
1,0.9994485,0.9273119,0.9749239830226419,1,1,1
1,0.99945766,0.9298838,0.975073415115257,1,1,1
0,0.0006172842,0.066113725,0.03014470884510957,0,0,0
1,0.99946195,0.9286054,0.9750003467381675,1,1,1
0,0.00059912767,0.06544303,0.030095659043943446,0,0,0
0,0.000625756,0.27352738,0.04831530972919029,0,0,0
1,0.99887556,0.9344236,0.9752615569432711,1,1,1
1,0.9994523,0.93323255,0.9752645555886412,1,1,1
0,0.0006479912,0.06634974,0.03016561597101038,0,0,0
1,0.9994041,0.7287399,0.9604761913874967,1,1,1
1,0.99884087,0.93451035,0.9752622372972223,1,1,1
0,0.0007108796,0.14213245,0.03588649209518846,0,0,0
1,0.99938047,0.92919046,0.9750239388381763,1,1,1
1,0.99944633,0.93088716,0.9751296346762786,1,1,1
1,0.99943954,0.93290645,0.9752443706514159,1,1,1
0,0.0006131594,0.089690715,0.031817926024922054,0,0,0
0,0.0006570081,0.07362958,0.03067484688148198,0,0,0
1,0.999278,0.93266106,0.9752104438452134,1,1,1
1,0.9994362,0.9272082,0.9749164535578619,1,1,1
1,0.9994541,0.93293095,0.9752475603126294,1,1,1
1,0.99889463,0.9344964,0.9752680564790412,1,1,1
1,0.9994529,0.93232447,0.9752127602715887,1,1,1
0,0.0008344842,0.9274295,0.19267777446130205,0,1,0
1,0.9994499,0.9301978,0.9750905007696575,1,1,1
1,0.99928963,0.9322135,0.975186272159655,1,1,1
0,0.00066649326,0.070234194,0.030438369955208218,0,0,0
1,0.9994636,0.93089527,0.9751322376885534,1,1,1
0,0.00061001064,0.065495394,0.03010089514562111,0,0,0
0,0.00061614206,0.061268307,0.02981125959879665,0,0,0
0,0.00063111057,0.10148368,0.032691445346190826,0,0,0
0,0.00065745594,0.090241395,0.03186504580434442,0,0,0
1,0.9994399,0.92611337,0.9748535095823111,1,1,1
1,0.99930596,0.9315557,0.9751506125054489,1,1,1
1,0.99941945,0.9248425,0.9747771481723992,1,1,1
1,0.9988746,0.933927,0.9752330822495463,1,1,1
0,0.00061151834,0.06305959,0.029933365196357302,0,0,0
0,0.0006904487,0.066093646,0.030154231895510888,0,0,0
0,0.00087700813,0.40343377,0.06465029610895735,0,0,0
1,0.99937135,0.9045271,0.9735620202142498,1,1,1
1,0.99944514,0.8980933,0.9731773042913487,1,1,1
0,0.00067335996,0.29380798,0.05058113141902502,0,0,0
1,0.9993636,0.25988996,0.8890741179214825,1,0,1
1,0.99945194,0.9299118,0.9750743163009699,1,1,1
0,0.0006540324,0.5328904,0.08573549759490559,0,1,0
0,0.00061641965,0.16794972,0.03804263615678741,0,0,0
1,0.99927884,0.5743903,0.9440010350661141,1,1,1
1,0.99937904,0.9329556,0.9752397285452787,1,1,1
0,0.00061746506,0.06362761,0.02997328538548244,0,0,0
1,0.9994473,0.9331851,0.975261232041801,1,1,1
0,0.0009835183,0.07545196,0.030853034820549612,0,0,0
1,0.9992298,0.9317169,0.9751504390033207,1,1,1
0,0.0007585674,0.09900178,0.03252676091936352,0,0,0
1,0.99931955,0.9304842,0.9750908059322201,1,1,1
1,0.99945,0.9290003,0.9750216261459762,1,1,1
1,0.99945015,0.930158,0.975088246112911,1,1,1
0,0.0006156039,0.06628053,0.030155995428318812,0,0,0
1,0.99938333,0.92945915,0.9750397668327676,1,1,1
1,0.9988715,0.9343865,0.9752589389037594,1,1,1
1,0.99942243,0.92436266,0.9747496028041199,1,1,1
0,0.023175122,0.3609061,0.06544932018557639,0,0,0
1,0.99939287,0.7652901,0.9636286025076988,1,1,1
0,0.0007244763,0.13339417,0.03518053877867577,0,0,0
0,0.00071398553,0.06578041,0.03013607985242436,0,0,0
0,0.0006040542,0.061338227,0.029814259941367615,0,0,0
1,0.99925107,0.932567,0.9752017419770026,1,1,1
1,0.9994481,0.93202716,0.9751951669341691,1,1,1
1,0.99888307,0.9336653,0.9752191683631362,1,1,1
0,0.0006059408,0.0652179,0.030081132462585893,0,0,0
0,0.00060989236,0.060908683,0.02978574546021963,0,0,0
1,0.9993793,0.9280938,0.9749605423878638,1,1,1
0,0.00061914755,0.06366594,0.029976171308523113,0,0,0
1,0.9993393,0.73947483,0.9614166665294477,1,1,1
1,0.99908817,0.9331756,0.975216459228525,1,1,1
1,0.9993795,0.9348227,0.9753462040227097,1,1,1
1,0.99929094,0.090753354,0.8430207567188776,1,0,1
0,0.0006267354,0.59496784,0.09795498777853404,0,1,0
0,0.13783969,0.602698,0.18212486648643417,0,1,0
1,0.99929404,0.9323845,0.9751966023199324,1,1,1
0,0.0006864975,0.06275947,0.029923857727686336,0,0,0
1,0.99938595,0.93027335,0.9750869194622598,1,1,1
0,0.0006188617,0.06623524,0.03015334826166628,0,0,0
0,0.00061017403,0.061345194,0.02981563948234164,0,0,0
0,0.0006288544,0.06631208,0.03016015513154967,0,0,0
0,0.00079509214,0.19516039,0.04050474973168783,0,0,0
1,0.9994254,0.9136114,0.9741164522633067,1,1,1
0,0.000627033,0.06582435,0.03012615684684964,0,0,0
0,0.00061216095,0.061055377,0.02979610898292659,0,0,0
0,0.0008691459,0.06784514,0.030302398414153945,0,0,0
1,0.9993262,0.93169725,0.9751612289061613,1,1,1
0,0.0006731982,0.08284129,0.0313318942655272,0,0,0
1,0.9993736,0.9264639,0.9748655451821336,1,1,1
1,0.9993839,0.9344721,0.9753267965932958,1,1,1
1,0.9988605,0.93301237,0.9751790298403151,1,1,1
1,0.9988518,0.9336973,0.9752171407610152,1,1,1
0,0.0006675523,0.065749094,0.03012699412187256,0,0,0
0,0.00060222205,0.060721885,0.02977184938024825,0,0,0
1,0.9993512,0.93367636,0.9752774386735272,1,1,1
0,0.0007026125,0.3061609,0.052010237897703857,0,0,0
1,0.99943477,0.9222404,0.9746273084811694,1,1,1
1,0.9993229,0.93210536,0.9751841883734484,1,1,1
1,0.999448,0.9277458,0.9749490036049951,1,1,1
0,0.0006080809,0.14774427,0.03633023361724085,0,0,0
0,0.0012960061,0.09837942,0.03256672140633204,0,0,0
0,0.0006899974,0.06327123,0.029959535771752494,0,0,0
0,0.0006200337,0.065377556,0.030094250875814146,0,0,0
0,0.00064306596,0.06649027,0.030174607246122462,0,0,0
0,0.0006104873,0.06104285,0.029795005570824214,0,0,0
1,0.99942744,0.9093779,0.9738630275786172,1,1,1
1,0.99930894,0.9318138,0.975165769246582,1,1,1
1,0.99945265,0.93250996,0.9752233345243959,1,1,1
1,0.99946743,0.9316101,0.9751736779368656,1,1,1
0,0.0006460222,0.07730273,0.030932561589677828,0,0,0
1,0.99938166,0.4232045,0.9218468656754105,1,0,1
1,0.999453,0.93272245,0.9752355203194509,1,1,1
1,0.99945015,0.9293439,0.9750414248911432,1,1,1
0,0.00074678793,0.06653675,0.030193311690580194,0,0,0
1,0.99936026,0.9338905,0.9752907633359321,1,1,1
0,0.00060541666,0.072791606,0.030608156941929643,0,0,0
1,0.99945956,0.9326543,0.9752324358705431,1,1,1
0,0.0006432257,0.0643038,0.03002365013700215,0,0,0
0,0.0006348644,0.14123355,0.03579961469152753,0,0,0
0,0.00060892326,0.06098617,0.02979089965651831,0,0,0
1,0.9994618,0.9314603,0.9751644068096078,1,1,1
1,0.99944645,0.93301404,0.9752513649790068,1,1,1
1,0.99944896,0.93296105,0.9752486478612538,1,1,1
1,0.99931955,0.9303425,0.9750826648658263,1,1,1
0,0.00072322297,0.07158733,0.03054153574191506,0,0,0
1,0.99945635,0.9256301,0.9748275308255007,1,1,1
0,0.0006054969,0.06523697,0.030082382739549756,0,0,0
1,0.9993787,0.9303033,0.9750877377563102,1,1,1
1,0.9994449,0.92791635,0.9749584672743591,1,1,1
1,0.9994449,0.9325164,0.9752227474785323,1,1,1
0,0.000616904,0.569999,0.09285467980607115,0,1,0
0,0.0011762091,0.3328286,0.055335840401613344,0,0,0
0,0.004395459,0.880852,0.1787684504336513,0,1,0
1,0.9988379,0.93444103,0.9752579143510921,1,1,1
0,0.0006185551,0.06304126,0.029933148511077732,0,0,0
0,0.00062164105,0.062251013,0.02987937533972786,0,0,0
0,0.00061859254,0.07912904,0.031058105583539386,0,0,0
1,0.99944335,0.9322474,0.9752071772336826,1,1,1
1,0.9994437,0.9319249,0.9751887696815233,1,1,1
0,0.0014719287,0.06728456,0.03035381920945941,0,0,0
1,0.9994491,0.9307858,0.9751241572054385,1,1,1
0,0.00062733033,0.066049926,0.030141795074108677,0,0,0
0,0.0006328235,0.09277032,0.032046203736903284,0,0,0
0,0.00060200115,0.061511926,0.029825843557061252,0,0,0
0,0.00067963364,0.08881462,0.03176457642059431,0,0,0
0,0.00061598956,0.060935874,0.02978850294284845,0,0,0
0,0.00061594957,0.061309446,0.029814045702987887,0,0,0
1,0.9994068,0.5357321,0.9390036891504381,1,1,1
1,0.9993007,0.23251857,0.8824931394397864,1,0,1
1,0.99945754,0.92849123,0.9749932164836693,1,1,1
0,0.0006110496,0.061011884,0.029792971299152995,0,0,0
1,0.99937797,0.92752475,0.9749274986759683,1,1,1
1,0.99938583,0.9291419,0.97502180688044,1,1,1
0,0.00064506184,0.31251287,0.0527413744669986,0,0,0
0,0.00066462206,0.069355674,0.030376822348709483,0,0,0
1,0.99927884,0.08522945,0.8412756373941559,1,0,1
1,0.99939346,0.9291726,0.9750245227720307,1,1,1
0,0.00066490273,0.4244309,0.06765108372324298,0,0,0
1,0.99943775,0.9149291,0.9741965037787177,1,1,1
0,0.00061059435,0.06536558,0.030092019016804417,0,0,0
1,0.99907565,0.9330406,0.9752071963973736,1,1,1
1,0.9993868,0.9300183,0.9750723635292279,1,1,1
0,0.0012040925,0.5287074,0.08518147757589321,0,1,0
1,0.9994591,0.9311483,0.9751461865578583,1,1,1
1,0.99930656,0.34639153,0.9076803424604627,1,0,1
1,0.99944717,0.93224335,0.9752074158650176,1,1,1
0,0.0006157215,0.06108322,0.029798537927442456,0,0,0
1,0.9994524,0.92929095,0.9750386591490394,1,1,1
1,0.9993168,0.931779,0.9751647505055359,1,1,1
1,0.9994392,0.9099091,0.9738965167864111,1,1,1
1,0.9993818,0.9288722,0.9750057646439658,1,1,1
0,0.00063193694,0.22750013,0.04354974137985143,0,0,0
1,0.9989073,0.93413883,0.9752492109588227,1,1,1
1,0.99936086,0.9102803,0.9739086772469495,1,1,1
1,0.99931157,0.9317556,0.9751627606158312,1,1,1
1,0.99936324,0.93365395,0.9752776412008913,1,1,1
0,0.0006630221,0.06701737,0.03021409686567309,0,0,0
1,0.9988991,0.9337247,0.9752245411104273,1,1,1
1,0.99945205,0.930369,0.9751006029878496,1,1,1
1,0.9989089,0.9341941,0.9752525562681985,1,1,1
0,0.00061350135,0.061133754,0.029801666397053228,0,0,0
1,0.99936193,0.9091473,0.9738406329416629,1,1,1
1,0.9994393,0.9290886,0.9750253783796178,1,1,1
0,0.0006102904,0.06126444,0.02981013184336298,0,0,0
1,0.9993795,0.93286985,0.9752348878311285,1,1,1
0,0.000655452,0.0677624,0.030264642875647802,0,0,0
1,0.9989145,0.9345061,0.9752710524576352,1,1,1
0,0.0006330099,0.5673149,0.09232817018729604,0,1,0
0,0.0006174925,0.060924556,0.02978795081437838,0,0,0
0,0.00060654234,0.061313234,0.029812917060684035,0,0,0
1,0.9988732,0.93388355,0.9752304233964095,1,1,1
1,0.9988424,0.93268853,0.975158251227068,1,1,1
0,0.00064663886,0.21509135,0.042346456600594655,0,0,0
1,0.9994418,0.92677414,0.9748920343774601,1,1,1
1,0.9994079,0.9212499,0.9745659113368812,1,1,1
1,0.999445,0.93171006,0.9751766344254704,1,1,1
1,0.9992817,0.93238354,0.9751950255261322,1,1,1
1,0.9992544,0.9333414,0.9752464109846376,1,1,1
1,0.9994568,0.93221855,0.9752071885842517,1,1,1
0,0.00063937635,0.06927588,0.030367471731061486,0,0,0
0,0.0006727903,0.20126112,0.04104475016884389,0,0,0
1,0.99944824,0.9280427,0.9749661790488997,1,1,1
1,0.99888974,0.93447196,0.9752660608420248,1,1,1
0,0.000616588,0.06148259,0.0298259884775375,0,0,0
1,0.99943405,0.8354896,0.9690271238353764,1,1,1
1,0.9988919,0.93432903,0.9752581682470592,1,1,1
