true_label,p_distil,p_tiny,p_ensemble,pred_ensemble_soft
1,0.99938035,0.93349123,0.9664358,1
0,0.0006667776,0.07785748,0.039262127,0
1,0.99937975,0.8804254,0.93990254,1
0,0.00066660537,0.07012289,0.035394747,0
1,0.9994392,0.93241423,0.9659267,1
0,0.0006140736,0.061594058,0.031104065,0
1,0.99945587,0.9266329,0.9630444,1
1,0.9993911,0.8941179,0.94675446,1
0,0.0006016358,0.63105565,0.31582865,0
1,0.06332046,0.9314108,0.49736562,0
1,0.99932075,0.9317611,0.9655409,1
0,0.0006106764,0.062080976,0.031345826,0
0,0.0006057249,0.061188333,0.030897029,0
1,0.99941325,0.92482597,0.9621196,1
1,0.99888855,0.9344294,0.96665895,1
1,0.9993678,0.9348387,0.96710324,1
1,0.99937254,0.9346106,0.96699154,1
0,0.0006111265,0.06303431,0.03182272,0
1,0.99938405,0.9339069,0.9666455,1
1,0.9994369,0.9286019,0.9640194,1
1,0.9994036,0.5115442,0.7554739,1
1,0.9988199,0.93288434,0.96585214,1
1,0.99897766,0.93348104,0.9662293,1
1,0.99890125,0.93457097,0.9667361,1
0,0.0007141222,0.06699672,0.033855423,0
0,0.00087493774,0.07123048,0.036052708,0
1,0.9994487,0.9313382,0.9653934,1
1,0.9988238,0.93388385,0.96635383,1
0,0.0006291953,0.9014614,0.4510453,0
1,0.999373,0.93471414,0.9670436,1
1,0.9993655,0.93475777,0.96706164,1
1,0.9993799,0.9329298,0.9661548,1
1,0.00958524,0.54368454,0.2766349,0
1,0.99931955,0.929972,0.96464574,1
1,0.9994642,0.9318931,0.9656787,1
0,0.00062642497,0.06701285,0.033819634,0
0,0.00059417496,0.061340254,0.030967215,0
1,0.99942774,0.82531124,0.9123695,1
1,0.9988483,0.93398994,0.9664191,1
0,0.0006889041,0.25016457,0.12542674,0
0,0.0006733278,0.86364704,0.4321602,0
1,0.99935716,0.36559328,0.6824752,1
1,0.9994531,0.93154866,0.9655009,1
1,0.9994566,0.929108,0.9642823,1
1,0.9993243,0.9318759,0.96560013,1
1,0.99941885,0.37756866,0.6884937,1
1,0.99932086,0.9313448,0.96533287,1
0,0.0006045967,0.061703328,0.031153962,0
1,0.99945027,0.9329878,0.96621907,1
0,0.00061251613,0.06095061,0.030781563,0
0,0.00061324076,0.060995195,0.030804219,0
1,0.999461,0.9325568,0.9660089,1
0,0.00067783927,0.066178024,0.03342793,0
1,0.999443,0.8788031,0.93912303,1
0,0.0006658235,0.07009743,0.035381626,0
1,0.9992755,0.9322946,0.965785,1
0,0.00060523266,0.06537083,0.03298803,0
0,0.0006862456,0.06265106,0.03166865,0
0,0.00061021565,0.060940463,0.03077534,0
1,0.999433,0.9203961,0.95991457,1
0,0.000693887,0.8320836,0.41638872,0
1,0.999385,0.9347062,0.9670456,1
1,0.9993612,0.93468374,0.9670225,1
1,0.99944776,0.90378803,0.9516179,1
1,0.9988452,0.93444616,0.9666457,1
0,0.00071206386,0.0662915,0.033501785,0
1,0.9988405,0.9336848,0.9662627,1
0,0.00061868393,0.07659384,0.03860626,0
0,0.0006218848,0.06134507,0.030983478,0
0,0.00060892734,0.060820863,0.030714896,0
1,0.99941766,0.9255615,0.9624896,1
1,0.9994429,0.9323047,0.9658738,1
0,0.00067915616,0.06312297,0.031901065,0
1,0.9993783,0.9341286,0.9667535,1
0,0.0006132623,0.061648443,0.031130852,0
1,0.9993129,0.5085137,0.7539133,1
1,0.9992404,0.9325136,0.965877,1
1,0.9992494,0.4900643,0.74465686,1
0,0.000628924,0.066544086,0.033586506,0
1,0.99889225,0.933576,0.9662341,1
1,0.99944896,0.9307279,0.9650884,1
0,0.00066598406,0.099528104,0.050097045,0
0,0.00065765966,0.09089632,0.045776993,0
1,0.9994549,0.9308054,0.96513015,1
0,0.0006572918,0.065777466,0.033217378,0
0,0.00064087653,0.07672598,0.03868343,0
1,0.99938536,0.9288997,0.96414256,1
0,0.0006853241,0.06301455,0.03184994,0
0,0.00065607356,0.08880731,0.04473169,0
1,0.99930906,0.9316246,0.96546686,1
1,0.9993783,0.9294792,0.9644288,1
1,0.9992613,0.9322369,0.96574914,1
1,0.99888104,0.9342795,0.9665803,1
0,0.0006431475,0.10331191,0.05197753,0
1,0.99938095,0.9299766,0.96467876,1
1,0.99944407,0.9330461,0.96624506,1
0,0.00066191977,0.07012772,0.035394818,0
1,0.9993838,0.93295676,0.9661703,1
1,0.9994404,0.93277043,0.9661054,1
1,0.99945086,0.93014383,0.9647974,1
0,0.0006735929,0.06914062,0.034907106,0
1,0.99944335,0.92938256,0.9644129,1
0,0.0006466006,0.07478209,0.037714344,0
1,0.999421,0.92368776,0.9615544,1
0,0.000712611,0.14375988,0.07223625,0
1,0.99941313,0.92522335,0.96231824,1
0,0.00074348145,0.06761694,0.03418021,0
0,0.000616655,0.06101019,0.030813422,0
1,0.99883145,0.9344116,0.9666215,1
0,0.0006111556,0.06095624,0.030783698,0
0,0.0006853398,0.07115617,0.035920754,0
0,0.0007624501,0.43641555,0.21858901,0
1,0.99945337,0.9333873,0.9664203,1
0,0.0006168055,0.06924886,0.034932833,0
0,0.0006892285,0.0630429,0.031866066,0
1,0.9994486,0.9316009,0.9655248,1
1,0.9994573,0.932497,0.9659772,1
0,0.0013029135,0.15605907,0.07868099,0
0,0.0006348317,0.06946488,0.035049856,0
0,0.0006072246,0.06122208,0.030914653,0
1,0.99944264,0.91705555,0.9582491,1
1,0.9994155,0.90462583,0.95202065,1
1,0.9994609,0.9295617,0.9645113,1
1,0.99887985,0.933348,0.9661139,1
1,0.99938405,0.92877144,0.9640777,1
1,0.99918526,0.93271095,0.9659481,1
0,0.00070077955,0.06623853,0.033469655,0
1,0.9993837,0.929602,0.96449286,1
1,0.9987129,0.9341063,0.96640956,1
0,0.0006370364,0.17512858,0.08788281,0
1,0.99935967,0.93359244,0.9664761,1
0,0.0006232966,0.18650295,0.093563125,0
1,0.9988348,0.9342685,0.96655166,1
0,0.0006694694,0.08170083,0.04118515,0
0,0.00061656686,0.06138957,0.031003067,0
1,0.99939966,0.9105645,0.95498204,1
0,0.00060096587,0.06548894,0.033044953,0
0,0.0063726488,0.93137026,0.46887144,0
0,0.0008936746,0.07042846,0.035661068,0
1,0.99890184,0.93352944,0.9662156,1
1,0.9994586,0.92958075,0.9645197,1
1,0.9993205,0.9306988,0.9650097,1
0,0.00061527366,0.15827765,0.07944646,0
0,0.00061088626,0.061066132,0.03083851,0
0,0.00060847483,0.063254595,0.031931534,0
1,0.99938357,0.93465155,0.96701753,1
1,0.9994659,0.9318017,0.96563375,1
1,0.99924797,0.93213165,0.9656898,1
0,0.00061220326,0.17246231,0.08653726,0
0,0.00060510257,0.06091814,0.030761622,0
1,0.999281,0.9325922,0.9659366,1
1,0.9994486,0.9322914,0.96587,1
1,0.99945444,0.93302786,0.9662411,1
0,0.0042716013,0.19606975,0.10017067,0
0,0.00062674045,0.06684039,0.033733565,0
1,0.9984434,0.926205,0.9623242,1
0,0.000635839,0.070092395,0.035364117,0
0,0.00070340873,0.067996085,0.034349747,0
1,0.9993297,0.9314224,0.965376,1
1,0.9989023,0.93422675,0.96656454,1
0,0.00061032263,0.06592772,0.03326902,0
0,0.00060884,0.06097936,0.030794099,0
0,0.00061379035,0.065187134,0.032900464,0
0,0.0006929176,0.085536204,0.04311456,0
0,0.00061781507,0.06642675,0.03352228,0
1,0.9994293,0.92100084,0.9602151,1
0,0.000607373,0.061117373,0.030862372,0
1,0.9993261,0.06967873,0.53450245,1
0,0.0006099807,0.061415546,0.031012762,0
0,0.0006147268,0.06104443,0.030829577,0
0,0.00073928724,0.06754019,0.034139737,0
1,0.99945205,0.9325541,0.96600306,1
0,0.0006156056,0.06633626,0.03347593,0
1,0.9993895,0.89769214,0.9485408,1
1,0.99931896,0.931824,0.9655715,1
1,0.9994561,0.93336993,0.966413,1
0,0.0011828229,0.101819,0.051500913,0
0,0.0006119582,0.060909826,0.030760892,0
1,0.9994222,0.9246128,0.96201754,1
0,0.00064562686,0.09244695,0.04654629,0
0,0.000606119,0.06701899,0.033812556,0
1,0.99945074,0.9324036,0.9659272,1
1,0.99934894,0.58102936,0.79018915,1
1,0.9988927,0.93459105,0.9667419,1
0,0.0006676134,0.09499998,0.047833797,0
0,0.00061649363,0.06530663,0.032961562,0
1,0.9994499,0.9302959,0.9648729,1
1,0.99937636,0.9327784,0.9660774,1
0,0.000616323,0.06576352,0.03318992,0
0,0.00061264366,0.06191392,0.03126328,0
0,0.0006878925,0.06307421,0.03188105,0
1,0.99884355,0.93422925,0.9665364,1
1,0.99944896,0.93064916,0.965049,1
0,0.0009241812,0.092573315,0.04674875,0
1,0.99937844,0.9328307,0.96610457,1
1,0.99945027,0.9262322,0.9628413,1
0,0.000636526,0.9146745,0.45765552,0
0,0.0006097532,0.060948484,0.030779118,0
1,0.9994481,0.9318836,0.9656658,1
1,0.9992742,0.9310522,0.96516323,1
1,0.99930525,0.931705,0.9655051,1
0,0.00061595306,0.060942538,0.030779246,0
0,0.00064004265,0.067065224,0.033852633,0
0,0.0006753864,0.08152527,0.04110033,0
1,0.99931705,0.5877902,0.7935536,1
0,0.00060836814,0.06098053,0.03079445,0
0,0.000630867,0.07532921,0.03798004,0
0,0.00066694507,0.070393726,0.035530336,0
0,0.0006596715,0.06562594,0.03314281,0
0,0.0006834958,0.0680299,0.0343567,0
0,0.00063065055,0.06497867,0.032804657,0
0,0.0006313157,0.06510499,0.032868154,0
1,0.9992731,0.9311743,0.96522367,1
0,0.0011099561,0.92241925,0.4617646,0
1,0.9993048,0.93191195,0.96560836,1
1,0.9993783,0.93458,0.96697915,1
1,0.9992648,0.9308599,0.9650624,1
0,0.0011520897,0.063937165,0.032544628,0
0,0.0006048587,0.06150959,0.031057226,0
0,0.002752306,0.90023816,0.45149523,0
0,0.000715663,0.08383196,0.042273812,0
0,0.0006108604,0.06324456,0.03192771,0
0,0.0010825647,0.2537092,0.12739588,0
0,0.0006695192,0.08467603,0.042672772,0
0,0.0006226615,0.06647987,0.033551265,0
1,0.9994367,0.91403717,0.9567369,1
0,0.00062923005,0.06481566,0.032722447,0
0,0.0006859714,0.06411257,0.03239927,0
1,0.99937785,0.93438596,0.9668819,1
1,0.9988859,0.93376184,0.96632385,1
0,0.0006484805,0.43276995,0.21670921,0
1,0.99943084,0.9222187,0.9608247,1
0,0.00061988237,0.060904354,0.030762117,0
0,0.0007532821,0.06671072,0.033732,0
1,0.9993838,0.9297334,0.9645586,1
1,0.9994585,0.9324053,0.9659319,1
1,0.9988834,0.93414855,0.966516,1
1,0.9994124,0.4930217,0.7462171,1
0,0.00062031177,0.06785394,0.034237128,0
1,0.9994616,0.9333289,0.96639526,1
1,0.9993247,0.9316501,0.96548736,1
0,0.0007145804,0.080582306,0.04064844,0
0,0.0006804944,0.1662945,0.083487496,0
0,0.0006061026,0.06671704,0.033661574,0
1,0.99946076,0.92989224,0.9646765,1
1,0.99944025,0.93138474,0.9654125,1
0,0.00060884695,0.0637984,0.032203622,0
0,0.00064248923,0.06841426,0.034528375,0
1,0.99930036,0.08031518,0.5398078,1
1,0.99891555,0.9340622,0.96648884,1
0,0.0006190272,0.44395843,0.22228873,0
0,0.00064536993,0.08875871,0.04470204,0
1,0.99942786,0.92078495,0.9601064,1
0,0.0008055381,0.9258367,0.46332112,0
0,0.0006426466,0.10227465,0.05145865,0
1,0.9994382,0.9312891,0.9653636,1
0,0.00063796114,0.06609026,0.033364113,0
0,0.000617389,0.84083617,0.42072678,0
1,0.9993755,0.93460083,0.9669882,1
0,0.9985453,0.9322066,0.9653759,1
1,0.99877745,0.9343802,0.96657884,1
1,0.999453,0.9322613,0.96585715,1
1,0.99927455,0.08558086,0.5424277,1
1,0.9994498,0.9329846,0.96621716,1
1,0.99944276,0.9311904,0.96531653,1
1,0.9992593,0.9322793,0.9657693,1
0,0.000766768,0.9178099,0.45928833,0
1,0.9988537,0.9337392,0.96629643,1
1,0.9991714,0.93265253,0.965912,1
0,0.0006311954,0.066401705,0.03351645,0
0,0.0006070787,0.06601731,0.033312194,0
1,0.9994147,0.92481637,0.9621155,1
0,0.00092342694,0.2464046,0.123664014,0
1,0.999435,0.9319093,0.96567214,1
0,0.0007080565,0.32344607,0.16207705,0
0,0.00060760207,0.06098725,0.030797426,0
0,0.00068738393,0.19502065,0.09785402,0
0,0.00070444186,0.06558464,0.03314454,0
0,0.0006119439,0.06618256,0.033397254,0
0,0.00061032845,0.06705825,0.03383429,0
0,0.00069835945,0.16242889,0.08156362,0
1,0.99887055,0.9336348,0.9662527,1
1,0.9994566,0.9334277,0.9664421,1
0,0.0006229577,0.21129596,0.10595946,0
1,0.99945134,0.93155,0.9655007,1
0,0.00069312967,0.17124183,0.08596748,0
1,0.9993998,0.9109703,0.95518506,1
1,0.9988543,0.9344873,0.96667075,1
1,0.99945897,0.92557484,0.9625169,1
0,0.00063649804,0.06410579,0.03237114,0
0,0.00063080626,0.7229077,0.36176926,0
0,0.00061396527,0.061573535,0.03109375,0
0,0.0006390608,0.08528992,0.04296449,0
1,0.99945575,0.9260925,0.96277416,1
1,0.9994646,0.9301775,0.96482104,1
0,0.0006147103,0.0613882,0.031001454,0
1,0.9994424,0.9329377,0.96619004,1
0,0.00066053023,0.08620005,0.04343029,0
0,0.0006043386,0.060827915,0.030716127,0
1,0.99931884,0.93006366,0.9646913,1
1,0.9994517,0.93226206,0.9658569,1
0,0.00060182356,0.061011698,0.030806761,0
1,0.99889755,0.93362045,0.966259,1
1,0.99943584,0.9199968,0.9597163,1
0,0.000641215,0.3448084,0.17272481,0
0,0.0006595247,0.42736125,0.21401039,0
0,0.0006149518,0.06158635,0.031100651,0
0,0.0007135529,0.08277097,0.04174226,0
0,0.00080706045,0.06906453,0.034935795,0
0,0.0006265772,0.06625902,0.0334428,0
0,0.0006023843,0.061073538,0.03083796,0
1,0.99884593,0.93413335,0.9664897,1
1,0.9994165,0.924868,0.9621422,1
1,0.9988312,0.93365693,0.9662441,1
0,0.00064680463,0.07720826,0.038927533,0
0,0.00060579355,0.061009638,0.030807715,0
0,0.00068631076,0.45379874,0.22724253,0
1,0.99946326,0.93170273,0.96558297,1
1,0.99928564,0.93246704,0.96587634,1
1,0.9989015,0.93432856,0.966615,1
0,0.00062426145,0.06611794,0.033371102,0
1,0.99937433,0.93404555,0.96671,1
0,0.0006043556,0.06546788,0.033036117,0
0,0.0006683494,0.16004452,0.080356434,0
1,0.9993729,0.9345887,0.9669808,1
0,0.00059976766,0.06121786,0.030908814,0
0,0.0006192907,0.85297275,0.42679602,0
0,0.0006068491,0.06116609,0.03088647,0
1,0.99944586,0.9323797,0.9659128,1
1,0.99944526,0.9328414,0.96614337,1
0,0.0006117366,0.07827569,0.039443713,0
1,0.999358,0.9341327,0.9667454,1
0,0.00064705004,0.076272145,0.0384596,0
1,0.9994319,0.91855127,0.9589916,1
1,0.9993781,0.9161894,0.9577837,1
1,0.022882825,0.11807344,0.070478134,0
0,0.9937587,0.9264017,0.96008015,1
0,0.00062525016,0.20677707,0.10370116,0
1,0.99938536,0.92890114,0.9641433,1
1,0.99938023,0.9282783,0.9638293,1
1,0.99937975,0.93306804,0.9662239,1
0,0.00061513233,0.0655865,0.033100817,0
0,0.0006116958,0.1905862,0.09559894,0
0,0.000607726,0.061443456,0.03102559,0
1,0.9994566,0.93226165,0.9658591,1
0,0.00066351326,0.07757364,0.039118577,0
1,0.99885464,0.9338253,0.96633995,1
0,0.0006101407,0.06094382,0.03077698,0
1,0.99945897,0.9322309,0.9658449,1
1,0.9988992,0.9344317,0.96666545,1
1,0.9994166,0.92438364,0.9619001,1
1,0.9988586,0.9343964,0.9666275,1
1,0.99945074,0.9323224,0.9658866,1
0,0.00061525515,0.061000522,0.030807888,0
1,0.9993699,0.4173625,0.7083662,1
1,0.9992555,0.9324147,0.9658351,1
1,0.99839324,0.9274248,0.962909,1
0,0.0006112366,0.061647505,0.031129371,0
0,0.0006218612,0.12833636,0.064479105,0
0,0.0006259881,0.067025624,0.033825807,0
0,0.00063379953,0.18833356,0.09448368,0
1,0.99944526,0.9311051,0.96527517,1
1,0.9994355,0.91639715,0.9579163,1
0,0.0006262077,0.06629207,0.033459138,0
1,0.9994313,0.93346953,0.96645045,1
1,0.99944776,0.930771,0.96510935,1
0,0.0006114379,0.061483458,0.031047449,0
1,0.9993824,0.92920434,0.96429336,1
0,0.00061273214,0.06549185,0.03305229,0
1,0.9993253,0.9320139,0.96566963,1
1,0.9988702,0.9344174,0.9666438,1
1,0.99897975,0.9337856,0.9663827,1
0,0.00061224785,0.061563674,0.031087961,0
0,0.000616904,0.06611658,0.03336674,0
0,0.0006092011,0.060757156,0.030683178,0
1,0.99943477,0.9212567,0.96034575,1
0,0.0006139969,0.15846716,0.07954058,0
0,0.00095258956,0.46341956,0.23218608,0
0,0.015193459,0.17463268,0.09491307,0
0,0.0006413647,0.06844164,0.034541503,0
1,0.9993055,0.93180853,0.965557,1
0,0.0006104425,0.060973078,0.03079176,0
1,0.9989128,0.934804,0.9668584,1
1,0.9988261,0.9343308,0.9665785,1
0,0.00061717065,0.06649698,0.033557076,0
0,0.0006373163,0.067645594,0.034141455,0
1,0.9994254,0.91486895,0.9571472,1
0,0.00060840603,0.06332626,0.031967334,0
0,0.00060516514,0.17815997,0.08938257,0
1,0.9993793,0.9262728,0.962826,1
1,0.9992588,0.93244916,0.965854,1
0,0.00074408005,0.06606044,0.03340226,0
0,0.00061631773,0.065891355,0.033253837,0
1,0.9994112,0.7341818,0.8667965,1
0,0.0007507591,0.07154926,0.03615001,0
0,0.0010198924,0.51049703,0.25575846,0
1,0.9994443,0.93041575,0.96493006,1
1,0.99930763,0.9317716,0.9655396,1
1,0.99941313,0.92416555,0.96178937,1
0,0.0006830237,0.06630479,0.033493906,0
0,0.0010782959,0.53796947,0.2695239,0
1,0.9994469,0.93301404,0.9662305,1
1,0.99942696,0.91218823,0.95580757,1
0,0.0006649506,0.07609062,0.038377784,0
1,0.99929285,0.93209445,0.96569365,1
0,0.000686209,0.062709,0.031697605,0
1,0.9994567,0.92978597,0.9646213,1
1,0.99936455,0.9321464,0.96575546,1
1,0.9988587,0.9334115,0.9661351,1
1,0.9994579,0.9319085,0.9656832,1
1,0.9994185,0.9001204,0.94976944,1
0,0.00062417396,0.06635199,0.03348808,0
0,0.0006070692,0.061885867,0.031246468,0
1,0.9994579,0.92961687,0.9645374,1
1,0.99945265,0.929888,0.9646703,1
1,0.9993703,0.9342311,0.9668007,1
1,0.99945277,0.9299647,0.96470875,1
0,0.0006041595,0.06647644,0.0335403,0
1,0.9994542,0.9295877,0.96452093,1
0,0.010896945,0.9320538,0.47147536,0
0,0.00065464014,0.082964614,0.041809626,0
0,0.0006243174,0.06615113,0.03338772,0
0,0.0006578527,0.9057092,0.45318353,0
1,0.99945813,0.9321989,0.96582854,1
1,0.9992404,0.9326489,0.96594465,1
0,0.00061285094,0.18060477,0.09060881,0
1,0.99945515,0.92952126,0.9644882,1
0,0.00061449275,0.06622175,0.033418123,0
0,0.0006810374,0.34177947,0.17123026,0
1,0.999424,0.9096393,0.95453167,1
1,0.99945086,0.9324317,0.9659413,1
0,0.0006136254,0.06377181,0.032192715,0
1,0.99942845,0.908168,0.95379823,1
0,0.0025076652,0.07887955,0.040693607,0
0,0.0006611247,0.09129436,0.045977745,0
0,0.00062459474,0.06628915,0.033456873,0
1,0.9993443,0.070381835,0.53486305,1
1,0.9994399,0.93137854,0.9654092,1
1,0.99884194,0.93410695,0.9664744,1
0,0.0006112523,0.060975257,0.030793255,0
1,0.9994567,0.9300382,0.9647474,1
1,0.9994468,0.93231255,0.9658797,1
0,0.0008392444,0.07043984,0.03563954,0
0,0.00064314133,0.06614818,0.03339566,0
1,0.9994555,0.93247825,0.9659669,1
1,0.99842095,0.9261851,0.96230304,1
0,0.0006050821,0.061323088,0.030964084,0
0,0.0006151616,0.061015546,0.030815354,0
1,0.99928206,0.9326406,0.96596134,1
1,0.9992434,0.93226737,0.96575534,1
0,0.0006103651,0.061224435,0.0309174,0
0,0.0006081527,0.06100691,0.030807532,0
0,0.00061048934,0.16218203,0.08139626,0
1,0.99944,0.9246913,0.9620657,1
0,0.0006081093,0.063287064,0.031947587,0
1,0.99937075,0.93432814,0.96684945,1
1,0.9992685,0.10915485,0.5542117,1
1,0.99944633,0.9335396,0.966493,1
1,0.99944836,0.93255126,0.96599984,1
0,0.00071045605,0.16436012,0.08253529,0
1,0.9994456,0.93096644,0.965206,1
0,0.00069722056,0.09042793,0.045562573,0
0,0.0006083942,0.061394222,0.031001309,0
0,0.0006112538,0.06092657,0.030768912,0
1,0.99930584,0.93185997,0.9655829,1
0,0.0006038647,0.06631863,0.033461247,0
0,0.000607867,0.061475128,0.031041497,0
1,0.9993672,0.93389344,0.96663034,1
1,0.9994467,0.9312129,0.96532977,1
0,0.00063887285,0.07655039,0.03859463,0
1,0.9994536,0.9316438,0.9655487,1
1,0.99885905,0.9347131,0.9667861,1
1,0.9992729,0.9308275,0.9650502,1
1,0.9994086,0.7237204,0.8615645,1
0,0.0010081499,0.0897735,0.045390826,0
1,0.99938273,0.92895615,0.96416944,1
0,0.0006066227,0.06132538,0.030966,0
0,0.00065956835,0.067026764,0.033843167,0
1,0.9994479,0.93105096,0.9652494,1
0,0.0006286174,0.066284776,0.033456698,0
1,0.99931693,0.9315369,0.9654269,1
0,0.0006144342,0.0661595,0.033386968,0
1,0.9993082,0.9315018,0.965405,1
1,0.9993678,0.93465894,0.96701336,1
1,0.99889404,0.9343,0.966597,1
0,0.0006181817,0.06589232,0.03325525,0
1,0.99937326,0.9345775,0.9669754,1
1,0.9994324,0.9262524,0.9628424,1
1,0.9993259,0.93079454,0.96506023,1
1,0.99942905,0.85174227,0.9255856,1
0,0.0006653712,0.06557172,0.033118546,0
0,0.00060731743,0.06383573,0.032221526,0
1,0.9993734,0.93297577,0.9661746,1
1,0.999228,0.92844385,0.96383595,1
0,0.00064864365,0.502538,0.25159332,0
1,0.99932456,0.5954232,0.7973739,1
1,0.99945515,0.9291855,0.9643203,1
1,0.9993793,0.92867786,0.9640286,1
1,0.99943954,0.9309379,0.96518874,1
1,0.999416,0.92478424,0.96210015,1
1,0.99926347,0.93222284,0.9657432,1
1,0.9994294,0.9120583,0.95574385,1
0,0.0006978279,0.92113423,0.46091604,0
0,0.0008515161,0.07562355,0.038237534,0
0,0.00084047,0.09623762,0.048539046,0
1,0.9991611,0.93288714,0.96602416,1
0,0.0006159778,0.06171644,0.031166209,0
0,0.0006080539,0.06114194,0.030874997,0
1,0.9993856,0.9349176,0.96715164,1
0,0.0006836073,0.08067612,0.040679865,0
1,0.9988456,0.9337584,0.966302,1
0,0.0006147033,0.06603323,0.033323966,0
1,0.9988918,0.9336323,0.96626204,1
0,0.0006244093,0.06429174,0.032458074,0
1,0.9993285,0.9305478,0.96493816,1
0,0.00064696674,0.17099556,0.08582126,0
1,0.99944276,0.9204265,0.9599346,1
0,0.00068120327,0.070048176,0.03536469,0
1,0.9993806,0.9314192,0.96539986,1
0,0.00060627185,0.060958765,0.030782519,0
0,0.00061053445,0.06383448,0.03222251,0
0,0.000615544,0.8847348,0.44267517,0
0,0.00067345233,0.092892945,0.046783198,0
0,0.0006184602,0.0665897,0.033604078,0
1,0.999276,0.93223596,0.96575594,1
1,0.99930286,0.93166447,0.96548367,1
0,0.0007151159,0.9316313,0.46617323,0
1,0.9989071,0.9342046,0.96655583,1
0,0.00067483657,0.09047308,0.045573957,0
1,0.9993789,0.9274334,0.96340615,1
1,0.9993837,0.9297561,0.9645699,1
0,0.0006026154,0.07277122,0.03668692,0
1,0.99938023,0.9297133,0.9645468,1
1,0.99946195,0.9291747,0.96431834,1
0,0.0006792134,0.07725031,0.03896476,0
0,0.0006091543,0.060969133,0.030789144,0
1,0.9994497,0.9306111,0.9650304,1
1,0.99938834,0.7568212,0.8781048,1
1,0.9993807,0.9303196,0.9648502,1
1,0.9994498,0.931958,0.9657039,1
0,0.0006085174,0.06550605,0.033057284,0
0,0.0006079383,0.061395843,0.03100189,0
0,0.00062373927,0.060941413,0.030782577,0
0,0.0006076967,0.061169393,0.030888544,0
1,0.99944395,0.9303784,0.96491116,1
0,0.00068712916,0.06261602,0.031651575,0
1,0.99929464,0.9317297,0.96551216,1
0,0.0006290154,0.06619786,0.033413436,0
1,0.99944,0.9337035,0.96657175,1
1,0.99925095,0.9325652,0.96590805,1
0,0.0007202866,0.14823046,0.07447538,0
1,0.9993191,0.9302976,0.96480834,1
0,0.0006176897,0.06793056,0.034274124,0
0,0.00061440695,0.066521056,0.03356773,0
1,0.9994486,0.930645,0.96504676,1
1,0.99937767,0.92677945,0.96307856,1
1,0.99934167,0.5810016,0.7901716,1
0,0.0007106524,0.06624294,0.033476796,0
0,0.0006535545,0.08685271,0.043753132,0
1,0.99932075,0.42679554,0.7130581,1
1,0.9993197,0.9319766,0.9656482,1
1,0.9992399,0.93211645,0.9656782,1
0,0.00071512646,0.065419935,0.033067532,0
1,0.9992631,0.93110365,0.9651834,1
0,0.00064880535,0.06435531,0.032502055,0
1,0.0038428633,0.06964529,0.036744077,0
1,0.9994456,0.933162,0.9663038,1
0,0.00065553386,0.06661593,0.03363573,0
0,0.00073089224,0.907499,0.45411494,0
1,0.99937856,0.93389696,0.96663773,1
0,0.0006424831,0.083338134,0.04199031,0
1,0.9994425,0.9320319,0.9657372,1
1,0.9994161,0.92523205,0.9623241,1
1,0.99945027,0.93277645,0.9661133,1
0,0.00062207633,0.06649891,0.033560496,0
1,0.9993765,0.9293912,0.96438384,1
1,0.99938357,0.9347204,0.967052,1
0,0.00060801767,0.06212473,0.031366374,0
0,0.0006166744,0.061083768,0.03085022,0
0,0.00076629536,0.9341473,0.4674568,0
1,0.99878424,0.9338248,0.96630454,1
1,0.9994547,0.9312799,0.9653673,1
1,0.99944264,0.9309371,0.9651899,1
1,0.99931884,0.9306502,0.96498454,1
0,0.0008019888,0.07511654,0.037959263,0
1,0.9994406,0.93192965,0.9656851,1
1,0.99946314,0.93128085,0.96537197,1
0,0.00061757665,0.061081316,0.030849446,0
1,0.9993843,0.9295187,0.9644515,1
1,0.99938667,0.9267074,0.963047,1
0,0.0006744116,0.0657196,0.033197004,0
0,0.00061923877,0.06628259,0.033450916,0
1,0.99883467,0.93337977,0.96610725,1
1,0.99890625,0.9347155,0.9668109,1
1,0.9993411,0.6220759,0.8107085,1
0,0.00060940284,0.06099921,0.030804306,0
0,0.00060746423,0.061078932,0.030843198,0
1,0.99943346,0.9274427,0.9634381,1
0,0.00060039107,0.1992142,0.0999073,0
1,0.9994659,0.9314357,0.96545076,1
0,0.00059935334,0.06553624,0.033067796,0
1,0.0006327306,0.06627316,0.033452947,0
0,0.0006660399,0.07074576,0.035705898,0
1,0.99926454,0.078320555,0.53879255,1
1,0.99938154,0.9344854,0.9669335,1
0,0.0006135228,0.061061606,0.030837564,0
0,0.00060907507,0.0616205,0.031114787,0
1,0.99944764,0.9325949,0.9660213,1
0,0.0006295387,0.065393545,0.03301154,0
0,0.00063881354,0.06783013,0.03423447,0
0,0.0006921926,0.3520572,0.17637469,0
1,0.9994604,0.93228126,0.96587086,1
0,0.000676241,0.11288074,0.05677849,0
0,0.0006303825,0.064859375,0.03274488,0
0,0.0006148442,0.196524,0.098569416,0
1,0.9994511,0.9301861,0.9648186,1
0,0.0006122394,0.060966734,0.030789487,0
1,0.99944323,0.93274826,0.96609575,1
1,0.9988661,0.93348044,0.9661733,1
1,0.9993845,0.92910516,0.96424484,1
0,0.0006130733,0.061103407,0.030858241,0
0,0.0006213185,0.0750202,0.03782076,0
1,0.99945146,0.9330567,0.9662541,1
1,0.99933535,0.9313645,0.9653499,1
1,0.9987771,0.9330509,0.965914,1
1,0.9993088,0.93183297,0.9655709,1
1,0.99938583,0.8968095,0.9480977,1
1,0.9994394,0.9326878,0.9660636,1
1,0.99944,0.92713416,0.9632871,1
1,0.99931777,0.9319872,0.96565247,1
1,0.99938166,0.93003285,0.96470726,1
1,0.9993869,0.9302155,0.9648012,1
1,0.9994498,0.93263876,0.9660443,1
1,0.99945265,0.93225336,0.965853,1
0,0.0006464173,0.075053506,0.037849963,0
0,0.00065698294,0.103744864,0.052200925,0
0,0.00061354326,0.0654039,0.03300872,0
0,0.00062790455,0.066468254,0.03354808,0
1,0.99944824,0.9322078,0.96582806,1
0,0.00061633065,0.066348664,0.0334825,0
0,0.00067755504,0.09721838,0.048947968,0
1,0.99932003,0.5397485,0.76953423,1
0,0.00068495225,0.06310441,0.031894684,0
1,0.9994306,0.8803839,0.93990725,1
0,0.0007463635,0.9343438,0.4675451,0
1,0.9994281,0.88280064,0.94111437,1
1,0.99931824,0.93177915,0.9655487,1
1,0.9994466,0.9304044,0.9649255,1
1,0.9994305,0.91886127,0.9591459,1
1,0.99935704,0.91148716,0.9554221,1
0,0.00060430873,0.06164474,0.031124525,0
1,0.9993825,0.93405086,0.96671665,1
1,0.99932134,0.93184763,0.9655845,1
1,0.9993832,0.9296344,0.9645088,1
0,0.0007023346,0.13172038,0.06621136,0
1,0.99938345,0.9297618,0.96457267,1
0,0.0006155804,0.062122,0.03136879,0
0,0.000609374,0.060947254,0.030778315,0
0,0.0006534922,0.06688203,0.03376776,0
1,0.99926716,0.93111473,0.96519095,1
0,0.00059757964,0.065418266,0.033007924,0
1,0.9993212,0.93194824,0.9656347,1
0,0.0006080205,0.066655606,0.033631813,0
1,0.9993048,0.931876,0.96559036,1
1,0.9994487,0.93035305,0.96490085,1
0,0.0020684965,0.082072355,0.042070426,0
1,0.99925834,0.9307723,0.9650153,1
1,0.9992773,0.9324317,0.9658545,1
1,0.9994479,0.9326619,0.9660549,1
0,0.0006403817,0.21628402,0.1084622,0
1,0.99944407,0.93209594,0.96577,1
0,0.000616779,0.07029503,0.035455905,0
0,0.00063757086,0.540255,0.2704463,0
0,0.0011261394,0.4654456,0.23328587,0
1,0.9993832,0.92933613,0.96435964,1
0,0.0022296952,0.56018686,0.28120828,0
1,0.99945253,0.92960876,0.96453065,1
0,0.0006154607,0.066303715,0.03345959,0
1,0.9994493,0.9331165,0.9662829,1
1,0.9994287,0.91280943,0.95611906,1
0,0.0006135724,0.06345647,0.03203502,0
0,0.00065500557,0.075186305,0.037920654,0
0,0.0010617331,0.3795685,0.19031511,0
0,0.010937332,0.54078835,0.27586284,0
1,0.999244,0.93209964,0.9656718,1
1,0.99917835,0.93128943,0.9652339,1
1,0.99945027,0.92888397,0.9641671,1
1,0.9994122,0.7573154,0.8783638,1
0,0.0006130373,0.06630423,0.03345863,0
1,0.9994518,0.9298753,0.96466357,1
1,0.99943954,0.8754165,0.937428,1
1,0.9993777,0.9340316,0.96670467,1
0,0.0007081004,0.66631734,0.33351272,0
0,0.0006041293,0.061166316,0.030885223,0
1,0.99944407,0.9322077,0.9658259,1
0,0.00062074495,0.19849928,0.09956001,0
1,0.9994091,0.7443885,0.8718988,1
1,0.99927026,0.9311135,0.96519184,1
1,0.99890137,0.93427974,0.9665905,1
0,0.99854076,0.8948177,0.94667923,1
0,0.0017160828,0.57682925,0.28927267,0
1,0.9993061,0.93171513,0.9655106,1
1,0.9994461,0.9326314,0.9660387,1
1,0.99944574,0.9243847,0.96191525,1
1,0.99937063,0.93418735,0.966779,1
1,0.9988663,0.93321157,0.96603894,1
0,0.0006081643,0.06100189,0.030805027,0
1,0.99937123,0.9341633,0.96676725,1
1,0.9993655,0.93417674,0.9667711,1
0,0.00060251035,0.25164363,0.12612307,0
1,0.998868,0.9327278,0.9657979,1
1,0.9994455,0.9318434,0.9656445,1
1,0.9994259,0.8925425,0.9459842,1
0,0.0014774378,0.7145519,0.35801467,0
1,0.9994485,0.9273119,0.9633802,1
1,0.99945766,0.9298838,0.9646707,1
0,0.0006172842,0.066113725,0.033365503,0
1,0.99946195,0.9286054,0.96403366,1
0,0.00059912767,0.06544303,0.03302108,0
0,0.000625756,0.27352738,0.13707657,0
1,0.99887556,0.9344236,0.9666496,1
1,0.9994523,0.93323255,0.96634245,1
0,0.0006479912,0.06634974,0.033498865,0
1,0.9994041,0.7287399,0.86407197,1
1,0.99884087,0.93451035,0.96667564,1
0,0.0007108796,0.14213245,0.07142166,0
1,0.99938047,0.92919046,0.9642855,1
1,0.99944633,0.93088716,0.96516675,1
1,0.99943954,0.93290645,0.966173,1
0,0.0006131594,0.089690715,0.045151938,0
0,0.0006570081,0.07362958,0.037143294,0
1,0.999278,0.93266106,0.96596956,1
1,0.9994362,0.9272082,0.96332216,1
1,0.9994541,0.93293095,0.9661925,1
1,0.99889463,0.9344964,0.96669555,1
1,0.9994529,0.93232447,0.9658887,1
0,0.0008344842,0.9274295,0.46413198,0
1,0.9994499,0.9301978,0.96482384,1
1,0.99928963,0.9322135,0.9657515,1
0,0.00066649326,0.070234194,0.035450343,0
1,0.9994636,0.93089527,0.96517944,1
0,0.00061001064,0.065495394,0.0330527,0
0,0.00061614206,0.061268307,0.030942224,0
0,0.00063111057,0.10148368,0.051057395,0
0,0.00065745594,0.090241395,0.045449425,0
1,0.9994399,0.92611337,0.96277666,1
1,0.99930596,0.9315557,0.96543086,1
1,0.99941945,0.9248425,0.96213096,1
1,0.9988746,0.933927,0.9664008,1
0,0.00061151834,0.06305959,0.031835556,0
0,0.0006904487,0.066093646,0.033392046,0
0,0.00087700813,0.40343377,0.2021554,0
1,0.99937135,0.9045271,0.95194924,1
1,0.99944514,0.8980933,0.9487692,1
0,0.00067335996,0.29380798,0.14724067,0
1,0.9993636,0.25988996,0.62962675,1
1,0.99945194,0.9299118,0.96468186,1
0,0.0006540324,0.5328904,0.2667722,0
0,0.00061641965,0.16794972,0.08428307,0
1,0.99927884,0.5743903,0.7868346,1
1,0.99937904,0.9329556,0.96616733,1
0,0.00061746506,0.06362761,0.032122537,0
1,0.9994473,0.9331851,0.9663162,1
0,0.0009835183,0.07545196,0.038217742,0
1,0.9992298,0.9317169,0.96547335,1
0,0.0007585674,0.09900178,0.049880173,0
1,0.99931955,0.9304842,0.96490186,1
1,0.99945,0.9290003,0.9642252,1
1,0.99945015,0.930158,0.96480405,1
0,0.0006156039,0.06628053,0.033448067,0
1,0.99938333,0.92945915,0.9644213,1
1,0.9988715,0.9343865,0.966629,1
1,0.99942243,0.92436266,0.96189255,1
0,0.023175122,0.3609061,0.1920406,0
1,0.99939287,0.7652901,0.8823415,1
0,0.0007244763,0.13339417,0.06705932,0
0,0.00071398553,0.06578041,0.0332472,0
0,0.0006040542,0.061338227,0.030971142,0
1,0.99925107,0.932567,0.965909,1
1,0.9994481,0.93202716,0.96573764,1
1,0.99888307,0.9336653,0.96627414,1
0,0.0006059408,0.0652179,0.03291192,0
0,0.00060989236,0.060908683,0.030759288,0
1,0.9993793,0.9280938,0.96373653,1
0,0.00061914755,0.06366594,0.032142546,0
1,0.9993393,0.73947483,0.86940706,1
1,0.99908817,0.9331756,0.9661319,1
1,0.9993795,0.9348227,0.9671011,1
1,0.99929094,0.090753354,0.54502213,1
0,0.0006267354,0.59496784,0.2977973,0
0,0.13783969,0.602698,0.37026885,0
1,0.99929404,0.9323845,0.96583927,1
0,0.0006864975,0.06275947,0.03172298,0
1,0.99938595,0.93027335,0.9648297,1
0,0.0006188617,0.06623524,0.03342705,0
0,0.00061017403,0.061345194,0.030977683,0
0,0.0006288544,0.06631208,0.033470467,0
0,0.00079509214,0.19516039,0.09797774,0
1,0.9994254,0.9136114,0.9565184,1
0,0.000627033,0.06582435,0.033225693,0
0,0.00061216095,0.061055377,0.03083377,0
0,0.0008691459,0.06784514,0.034357145,0
1,0.9993262,0.93169725,0.96551174,1
0,0.0006731982,0.08284129,0.041757245,0
1,0.9993736,0.9264639,0.96291876,1
1,0.9993839,0.9344721,0.966928,1
1,0.9988605,0.93301237,0.9659364,1
1,0.9988518,0.9336973,0.9662745,1
0,0.0006675523,0.065749094,0.03320832,0
0,0.00060222205,0.060721885,0.030662054,0
1,0.9993512,0.93367636,0.96651375,1
0,0.0007026125,0.3061609,0.15343176,0
1,0.99943477,0.9222404,0.9608376,1
1,0.9993229,0.93210536,0.9657141,1
1,0.999448,0.9277458,0.96359694,1
0,0.0006080809,0.14774427,0.07417618,0
0,0.0012960061,0.09837942,0.049837712,0
0,0.0006899974,0.06327123,0.031980615,0
0,0.0006200337,0.065377556,0.032998797,0
0,0.00064306596,0.06649027,0.03356667,0
0,0.0006104873,0.06104285,0.030826667,0
1,0.99942744,0.9093779,0.9544027,1
1,0.99930894,0.9318138,0.9655614,1
1,0.99945265,0.93250996,0.9659813,1
1,0.99946743,0.9316101,0.96553874,1
0,0.0006460222,0.07730273,0.03897438,0
1,0.99938166,0.4232045,0.7112931,1
1,0.999453,0.93272245,0.9660877,1
1,0.99945015,0.9293439,0.964397,1
0,0.00074678793,0.06653675,0.033641767,0
1,0.99936026,0.9338905,0.9666254,1
0,0.00060541666,0.072791606,0.036698513,0
1,0.99945956,0.9326543,0.96605694,1
0,0.0006432257,0.0643038,0.032473512,0
0,0.0006348644,0.14123355,0.070934206,0
0,0.00060892326,0.06098617,0.030797547,0
1,0.9994618,0.9314603,0.9654611,1
1,0.99944645,0.93301404,0.9662303,1
1,0.99944896,0.93296105,0.966205,1
1,0.99931955,0.9303425,0.964831,1
0,0.00072322297,0.07158733,0.036155276,0
1,0.99945635,0.9256301,0.96254325,1
0,0.0006054969,0.06523697,0.032921232,0
1,0.9993787,0.9303033,0.964841,1
1,0.9994449,0.92791635,0.9636806,1
1,0.9994449,0.9325164,0.96598065,1
0,0.000616904,0.569999,0.28530794,0
0,0.0011762091,0.3328286,0.16700241,0
0,0.004395459,0.880852,0.44262373,0
1,0.9988379,0.93444103,0.96663946,1
0,0.0006185551,0.06304126,0.03182991,0
0,0.00062164105,0.062251013,0.031436328,0
0,0.00061859254,0.07912904,0.039873816,0
1,0.99944335,0.9322474,0.96584535,1
1,0.9994437,0.9319249,0.9656843,1
0,0.0014719287,0.06728456,0.034378245,0
1,0.9994491,0.9307858,0.96511745,1
0,0.00062733033,0.066049926,0.03333863,0
0,0.0006328235,0.09277032,0.046701573,0
0,0.00060200115,0.061511926,0.031056963,0
0,0.00067963364,0.08881462,0.04474713,0
0,0.00061598956,0.060935874,0.03077593,0
0,0.00061594957,0.061309446,0.030962698,0
1,0.9994068,0.5357321,0.7675694,1
1,0.9993007,0.23251857,0.61590964,1
1,0.99945754,0.92849123,0.96397436,1
0,0.0006110496,0.061011884,0.030811466,0
1,0.99937797,0.92752475,0.9634514,1
1,0.99938583,0.9291419,0.96426386,1
0,0.00064506184,0.31251287,0.15657897,0
0,0.00066462206,0.069355674,0.035010148,0
1,0.99927884,0.08522945,0.54225415,1
1,0.99939346,0.9291726,0.964283,1
0,0.00066490273,0.4244309,0.2125479,0
1,0.99943775,0.9149291,0.9571834,1
0,0.00061059435,0.06536558,0.03298809,0
1,0.99907565,0.9330406,0.96605814,1
1,0.9993868,0.9300183,0.96470255,1
0,0.0012040925,0.5287074,0.26495573,0
1,0.9994591,0.9311483,0.96530366,1
1,0.99930656,0.34639153,0.67284906,1
1,0.99944717,0.93224335,0.9658452,1
0,0.0006157215,0.06108322,0.03084947,0
1,0.9994524,0.92929095,0.9643717,1
1,0.9993168,0.931779,0.9655479,1
1,0.9994392,0.9099091,0.9546741,1
1,0.9993818,0.9288722,0.964127,1
0,0.00063193694,0.22750013,0.114066035,0
1,0.9989073,0.93413883,0.96652305,1
1,0.99936086,0.9102803,0.9548206,1
1,0.99931157,0.9317556,0.9655336,1
1,0.99936324,0.93365395,0.9665086,1
0,0.0006630221,0.06701737,0.033840194,0
1,0.9988991,0.9337247,0.96631193,1
1,0.99945205,0.930369,0.9649105,1
1,0.9989089,0.9341941,0.9665515,1
0,0.00061350135,0.061133754,0.030873628,0
1,0.99936193,0.9091473,0.9542546,1
1,0.9994393,0.9290886,0.9642639,1
0,0.0006102904,0.06126444,0.030937366,0
1,0.9993795,0.93286985,0.96612465,1
0,0.000655452,0.0677624,0.034208924,0
1,0.9989145,0.9345061,0.9667103,1
0,0.0006330099,0.5673149,0.28397396,0
0,0.0006174925,0.060924556,0.030771025,0
0,0.00060654234,0.061313234,0.030959887,0
1,0.9988732,0.93388355,0.96637833,1
1,0.9988424,0.93268853,0.9657655,1
0,0.00064663886,0.21509135,0.10786899,0
1,0.9994418,0.92677414,0.96310794,1
1,0.9994079,0.9212499,0.96032894,1
1,0.999445,0.93171006,0.96557754,1
1,0.9992817,0.93238354,0.9658326,1
1,0.9992544,0.9333414,0.96629786,1
1,0.9994568,0.93221855,0.9658377,1
0,0.00063937635,0.06927588,0.03495763,0
0,0.0006727903,0.20126112,0.10096695,0
1,0.99944824,0.9280427,0.9637455,1
1,0.99888974,0.93447196,0.9666809,1
0,0.000616588,0.06148259,0.031049589,0
1,0.99943405,0.8354896,0.9174618,1
1,0.9988919,0.93432903,0.96661043,1
